POS RANK,PLAYER,PASSING CMP,PASSING ATT,PASSING PCT,PASSING YDS,PASSING Y/A,PASSING TD,PASSING INT,PASSING SACKS,RUSHING ATT,RUSHING YDS,RUSHING TD,MISC FL,MISC G,MISC FPTS,MISC FPTS/G,MISC ROST,POS,RUSHING Y/A,RUSHING LG,RUSHING 20+,RECEIVING REC,RECEIVING TGT,RECEIVING YDS,RECEIVING Y/R,RECEIVING TD,RECEIVING LG,RECEIVING 20+
1,Josh Allen (BUF),128.0,175.0,73.1,1407.0,8.0,11.0,5.0,9.0,20,120,3,1,5,123.3,24.7,100.0%,qb,,,,,,,,,,
2,Patrick Mahomes II (KC),153.0,224.0,68.3,1593.0,7.1,11.0,5.0,6.0,29,185,0,0,6,121.1,20.2,100.0%,qb,,,,,,,,,,
3,Jalen Hurts (PHI),113.0,168.0,67.3,1262.0,7.5,6.0,4.0,12.0,55,206,4,1,5,113.1,22.6,100.0%,qb,,,,,,,,,,
4,Russell Wilson (DEN),122.0,185.0,65.9,1305.0,7.1,12.0,4.0,19.0,22,150,0,2,6,107.1,17.9,57.0%,qb,,,,,,,,,,
5,Justin Fields (CHI),94.0,152.0,61.8,1143.0,7.5,11.0,5.0,20.0,39,191,1,2,5,105.8,21.2,97.0%,qb,,,,,,,,,,
6,Kirk Cousins (MIN),137.0,204.0,67.2,1498.0,7.3,13.0,4.0,13.0,8,22,0,3,5,104.3,20.9,94.0%,qb,,,,,,,,,,
7,Tua Tagovailoa (MIA),119.0,166.0,71.7,1614.0,9.7,11.0,5.0,6.0,13,21,0,1,5,103.7,20.7,98.0%,qb,,,,,,,,,,
8,Brock Purdy (SF),98.0,136.0,72.1,1271.0,9.3,9.0,0.0,8.0,12,24,2,1,5,99.2,19.8,87.0%,qb,,,,,,,,,,
9,Lamar Jackson (BAL),100.0,143.0,69.9,1030.0,7.2,4.0,2.0,15.0,47,265,4,4,5,97.7,19.5,100.0%,qb,,,,,,,,,,
10,Justin Herbert (LAC),103.0,145.0,71.0,1106.0,7.6,7.0,1.0,9.0,20,55,3,0,4,96.8,24.2,99.0%,qb,,,,,,,,,,
11,Jared Goff (DET),111.0,159.0,69.8,1265.0,8.0,9.0,3.0,7.0,14,12,2,0,5,96.7,19.3,86.0%,qb,,,,,,,,,,
12,Jordan Love (GB),90.0,162.0,55.6,1083.0,6.7,8.0,6.0,10.0,18,109,2,0,5,96.2,19.2,65.0%,qb,,,,,,,,,,
13,C.J. Stroud (HOU),114.0,186.0,61.3,1461.0,7.9,7.0,0.0,11.0,15,53,0,2,5,88.3,17.7,72.0%,qb,,,,,,,,,,
14,Sam Howell (WAS),131.0,191.0,68.6,1349.0,7.1,6.0,6.0,29.0,15,101,1,1,5,88.1,17.6,36.0%,qb,,,,,,,,,,
15,Matthew Stafford (LAR),124.0,203.0,61.1,1451.0,7.1,5.0,5.0,13.0,10,49,0,0,5,78.1,15.6,68.0%,qb,,,,,,,,,,
16,Joshua Dobbs (ARI),102.0,155.0,65.8,980.0,6.3,6.0,2.0,9.0,27,142,1,3,5,77.4,15.5,15.0%,qb,,,,,,,,,,
17,Trevor Lawrence (JAC),121.0,180.0,67.2,1258.0,7.0,5.0,2.0,13.0,30,132,0,3,5,75.5,15.1,96.0%,qb,,,,,,,,,,
18,Anthony Richardson (IND),50.0,84.0,59.5,577.0,6.9,3.0,1.0,7.0,25,136,4,1,4,73.6,18.4,74.0%,qb,,,,,,,,,,
19,Desmond Ridder (ATL),102.0,156.0,65.4,1073.0,6.9,4.0,3.0,16.0,18,57,2,2,5,71.5,14.3,8.0%,qb,,,,,,,,,,
20,Baker Mayfield (TB),87.0,125.0,69.6,882.0,7.1,7.0,2.0,4.0,23,61,0,0,4,69.3,17.3,26.0%,qb,,,,,,,,,,
21,Dak Prescott (DAL),111.0,160.0,69.4,1061.0,6.6,5.0,4.0,9.0,12,45,0,0,5,62.9,12.6,86.0%,qb,,,,,,,,,,
22,Daniel Jones (NYG),104.0,151.0,68.9,884.0,5.9,2.0,6.0,28.0,38,197,1,1,5,61.1,12.2,47.0%,qb,,,,,,,,,,
23,Kenny Pickett (PIT),95.0,159.0,59.7,1027.0,6.5,5.0,4.0,14.0,16,12,0,0,5,58.4,11.7,19.0%,qb,,,,,,,,,,
24,Jimmy Garoppolo (LV),86.0,125.0,68.8,917.0,7.3,6.0,7.0,7.0,16,23,0,0,4,58.0,14.5,15.0%,qb,,,,,,,,,,
25,Joe Burrow (CIN),123.0,197.0,62.4,1045.0,5.3,5.0,3.0,11.0,12,10,0,1,5,57.9,11.6,98.0%,qb,,,,,,,,,,
26,Geno Smith (SEA),84.0,123.0,68.3,846.0,6.9,5.0,1.0,7.0,8,22,0,0,4,57.3,14.3,66.0%,qb,,,,,,,,,,
27,Mac Jones (NE),105.0,168.0,62.5,1008.0,6.0,5.0,6.0,9.0,15,60,0,2,5,56.2,11.2,10.0%,qb,,,,,,,,,,
28,Zach Wilson (NYJ),91.0,149.0,61.1,911.0,6.1,4.0,5.0,14.0,15,83,0,1,5,55.8,11.2,6.0%,qb,,,,,,,,,,
29,Deshaun Watson (CLE),65.0,102.0,63.7,678.0,6.6,4.0,2.0,12.0,15,83,1,2,3,55.5,18.5,77.0%,qb,,,,,,,,,,
30,Ryan Tannehill (TEN),90.0,142.0,63.4,1052.0,7.4,2.0,5.0,17.0,12,40,1,0,5,55.1,11.0,7.0%,qb,,,,,,,,,,
31,Bryce Young (CAR),92.0,144.0,63.9,750.0,5.2,5.0,4.0,12.0,8,65,0,2,4,50.5,12.6,11.0%,qb,,,,,,,,,,
32,Derek Carr (NO),98.0,150.0,65.3,946.0,6.3,4.0,2.0,15.0,10,5,0,1,5,50.3,10.1,24.0%,qb,,,,,,,,,,
33,Gardner Minshew II (IND),57.0,83.0,68.7,553.0,6.7,2.0,0.0,5.0,4,4,0,0,4,30.5,7.6,7.0%,qb,,,,,,,,,,
34,Andy Dalton (CAR),34.0,58.0,58.6,361.0,6.2,2.0,0.0,3.0,3,12,0,0,3,23.6,7.9,1.0%,qb,,,,,,,,,,
35,Aidan O'Connell (LV),24.0,39.0,61.5,238.0,6.1,0.0,1.0,7.0,3,3,1,2,1,10.8,10.8,1.0%,qb,,,,,,,,,,
36,Mike White (MIA),2.0,2.0,100.0,67.0,33.5,1.0,0.0,0.0,1,-1,0,0,1,6.6,6.6,0.0%,qb,,,,,,,,,,
37,Tyrod Taylor (NYG),11.0,15.0,73.3,92.0,6.1,0.0,0.0,1.0,4,16,0,0,4,5.2,1.3,1.0%,qb,,,,,,,,,,
38,Dorian Thompson-Robinson (CLE),19.0,36.0,52.8,121.0,3.4,0.0,3.0,4.0,4,24,0,0,2,4.2,2.1,1.0%,qb,,,,,,,,,,
39,Drew Lock (SEA),2.0,6.0,33.3,63.0,10.5,0.0,0.0,0.0,1,11,0,0,1,3.6,3.6,0.0%,qb,,,,,,,,,,
40,Bailey Zappe (NE),7.0,18.0,38.9,79.0,4.4,0.0,0.0,1.0,0,0,0,0,2,3.2,1.6,0.0%,qb,,,,,,,,,,
41,Jameis Winston (NO),10.0,17.0,58.8,101.0,5.9,0.0,1.0,1.0,3,-4,0,0,3,2.6,0.9,1.0%,qb,,,,,,,,,,
42,Tyler Huntley (BAL),0.0,0.0,0.0,0.0,0.0,0.0,0.0,0.0,2,8,0,0,1,0.8,0.8,0.0%,qb,,,,,,,,,,
43,Cooper Rush (DAL),4.0,5.0,80.0,28.0,5.6,0.0,0.0,1.0,4,-4,0,0,4,0.7,0.2,0.0%,qb,,,,,,,,,,
44,Mitch Trubisky (PIT),3.0,5.0,60.0,18.0,3.6,0.0,0.0,0.0,0,0,0,0,1,0.7,0.7,1.0%,qb,,,,,,,,,,
45,C.J. Beathard (JAC),2.0,2.0,100.0,9.0,4.5,0.0,0.0,0.0,0,0,0,0,1,0.4,0.4,0.0%,qb,,,,,,,,,,
46,Aaron Rodgers (NYJ),0.0,1.0,0.0,0.0,0.0,0.0,0.0,1.0,0,0,0,0,1,0.0,0.0,13.0%,qb,,,,,,,,,,
47,Jake Luton (NO),0.0,0.0,0.0,0.0,0.0,0.0,0.0,0.0,0,0,0,0,0,0.0,0.0,0.0%,qb,,,,,,,,,,
48,Kyle Trask (TB),0.0,0.0,0.0,0.0,0.0,0.0,0.0,0.0,0,0,0,0,0,0.0,0.0,0.0%,qb,,,,,,,,,,
49,Sam Ehlinger (IND),0.0,0.0,0.0,0.0,0.0,0.0,0.0,0.0,0,0,0,0,0,0.0,0.0,0.0%,qb,,,,,,,,,,
50,Jake Fromm (WAS),0.0,0.0,0.0,0.0,0.0,0.0,0.0,0.0,0,0,0,0,0,0.0,0.0,0.0%,qb,,,,,,,,,,
51,Shane Buechele (BUF),0.0,0.0,0.0,0.0,0.0,0.0,0.0,0.0,0,0,0,0,0,0.0,0.0,0.0%,qb,,,,,,,,,,
52,Kellen Mond (IND),0.0,0.0,0.0,0.0,0.0,0.0,0.0,0.0,0,0,0,0,0,0.0,0.0,0.0%,qb,,,,,,,,,,
53,Ben DiNucci (DEN),0.0,0.0,0.0,0.0,0.0,0.0,0.0,0.0,0,0,0,0,0,0.0,0.0,0.0%,qb,,,,,,,,,,
54,Sean Clifford (GB),0.0,0.0,0.0,0.0,0.0,0.0,0.0,0.0,1,0,0,0,1,0.0,0.0,0.0%,qb,,,,,,,,,,
55,Feleipe Franks (ATL),0.0,0.0,0.0,0.0,0.0,0.0,0.0,0.0,0,0,0,0,0,0.0,0.0,0.0%,qb,,,,,,,,,,
56,Trey Lance (DAL),0.0,0.0,0.0,0.0,0.0,0.0,0.0,0.0,0,0,0,0,0,0.0,0.0,1.0%,qb,,,,,,,,,,
57,Davis Mills (HOU),0.0,0.0,0.0,0.0,0.0,0.0,0.0,0.0,0,0,0,0,0,0.0,0.0,0.0%,qb,,,,,,,,,,
58,Jake Haener (NO),0.0,0.0,0.0,0.0,0.0,0.0,0.0,0.0,0,0,0,0,0,0.0,0.0,0.0%,qb,,,,,,,,,,
59,Tanner McKee (PHI),0.0,0.0,0.0,0.0,0.0,0.0,0.0,0.0,0,0,0,0,0,0.0,0.0,0.0%,qb,,,,,,,,,,
60,Chris Oladokun (KC),0.0,0.0,0.0,0.0,0.0,0.0,0.0,0.0,0,0,0,0,0,0.0,0.0,0.0%,qb,,,,,,,,,,
61,Hendon Hooker (DET),0.0,0.0,0.0,0.0,0.0,0.0,0.0,0.0,0,0,0,0,0,0.0,0.0,0.0%,qb,,,,,,,,,,
62,Tommy DeVito (NYG),0.0,0.0,0.0,0.0,0.0,0.0,0.0,0.0,0,0,0,0,0,0.0,0.0,0.0%,qb,,,,,,,,,,
63,Clayton Tune (ARI),0.0,0.0,0.0,0.0,0.0,0.0,0.0,0.0,0,0,0,0,1,0.0,0.0,0.0%,qb,,,,,,,,,,
64,Nathan Rourke (JAC),0.0,0.0,0.0,0.0,0.0,0.0,0.0,0.0,0,0,0,0,0,0.0,0.0,0.0%,qb,,,,,,,,,,
65,Tyson Bagent (CHI),0.0,0.0,0.0,0.0,0.0,0.0,0.0,0.0,0,0,0,0,0,0.0,0.0,0.0%,qb,,,,,,,,,,
66,Cephus Johnson III (TB),0.0,0.0,0.0,0.0,0.0,0.0,0.0,0.0,0,0,0,0,2,0.0,0.0,0.0%,qb,,,,,,,,,,
67,Malik Cunningham (NE),0.0,0.0,0.0,0.0,0.0,0.0,0.0,0.0,0,0,0,0,0,0.0,0.0,0.0%,qb,,,,,,,,,,
68,Will Levis (TEN),0.0,0.0,0.0,0.0,0.0,0.0,0.0,0.0,0,0,0,0,0,0.0,0.0,0.0%,qb,,,,,,,,,,
69,Holton Ahlers (SEA),0.0,0.0,0.0,0.0,0.0,0.0,0.0,0.0,0,0,0,0,0,0.0,0.0,0.0%,qb,,,,,,,,,,
70,Jaren Hall (MIN),0.0,0.0,0.0,0.0,0.0,0.0,0.0,0.0,0,0,0,0,0,0.0,0.0,0.0%,qb,,,,,,,,,,
71,Stetson Bennett (LAR),0.0,0.0,0.0,0.0,0.0,0.0,0.0,0.0,0,0,0,0,0,0.0,0.0,0.0%,qb,,,,,,,,,,
72,Skylar Thompson (MIA),0.0,0.0,0.0,0.0,0.0,0.0,0.0,0.0,0,0,0,0,0,0.0,0.0,0.0%,qb,,,,,,,,,,
73,Malik Willis (TEN),0.0,0.0,0.0,0.0,0.0,0.0,0.0,0.0,0,0,0,0,1,0.0,0.0,0.0%,qb,,,,,,,,,,
74,Max Duggan (LAC),0.0,0.0,0.0,0.0,0.0,0.0,0.0,0.0,0,0,0,0,0,0.0,0.0,0.0%,qb,,,,,,,,,,
75,David Blough (DET),0.0,0.0,0.0,0.0,0.0,0.0,0.0,0.0,0,0,0,0,0,0.0,0.0,0.0%,qb,,,,,,,,,,
76,Brett Rypien (LAR),0.0,0.0,0.0,0.0,0.0,0.0,0.0,0.0,0,0,0,0,0,0.0,0.0,0.0%,qb,,,,,,,,,,
77,Erik Ainge (NYJ),0.0,0.0,0.0,0.0,0.0,0.0,0.0,0.0,0,0,0,0,0,0.0,0.0,,qb,,,,,,,,,,
78,Hunter Cantwell (BAL),0.0,0.0,0.0,0.0,0.0,0.0,0.0,0.0,0,0,0,0,0,0.0,0.0,,qb,,,,,,,,,,
79,Ben Chappell (WAS),0.0,0.0,0.0,0.0,0.0,0.0,0.0,0.0,0,0,0,0,0,0.0,0.0,,qb,,,,,,,,,,
80,Adam Froman (ATL),0.0,0.0,0.0,0.0,0.0,0.0,0.0,0.0,0,0,0,0,0,0.0,0.0,,qb,,,,,,,,,,
81,Case Keenum (HOU),0.0,0.0,0.0,0.0,0.0,0.0,0.0,0.0,0,0,0,0,0,0.0,0.0,0.0%,qb,,,,,,,,,,
82,Brett Ratliff (TEN),0.0,0.0,0.0,0.0,0.0,0.0,0.0,0.0,0,0,0,0,0,0.0,0.0,,qb,,,,,,,,,,
83,Brian Hoyer (LV),0.0,0.0,0.0,0.0,0.0,0.0,0.0,0.0,0,0,0,0,1,0.0,0.0,0.0%,qb,,,,,,,,,,
84,Josh Johnson (BAL),0.0,0.0,0.0,0.0,0.0,0.0,0.0,0.0,0,0,0,0,0,0.0,0.0,0.0%,qb,,,,,,,,,,
85,Jarrett Stidham (DEN),0.0,0.0,0.0,0.0,0.0,0.0,0.0,0.0,0,0,0,0,0,0.0,0.0,0.0%,qb,,,,,,,,,,
86,Nick Mullens (MIN),0.0,0.0,0.0,0.0,0.0,0.0,0.0,0.0,0,0,0,0,0,0.0,0.0,0.0%,qb,,,,,,,,,,
87,PJ Walker (CLE),0.0,0.0,0.0,0.0,0.0,0.0,0.0,0.0,0,0,0,0,0,0.0,0.0,1.0%,qb,,,,,,,,,,
88,Mason Rudolph (PIT),0.0,0.0,0.0,0.0,0.0,0.0,0.0,0.0,0,0,0,0,0,0.0,0.0,0.0%,qb,,,,,,,,,,
89,Logan Woodside (ATL),0.0,0.0,0.0,0.0,0.0,0.0,0.0,0.0,0,0,0,0,0,0.0,0.0,0.0%,qb,,,,,,,,,,
90,Nate Sudfeld (DET),0.0,0.0,0.0,0.0,0.0,0.0,0.0,0.0,0,0,0,0,0,0.0,0.0,0.0%,qb,,,,,,,,,,
91,Nathan Peterman (CHI),0.0,0.0,0.0,0.0,0.0,0.0,0.0,0.0,0,0,0,0,0,0.0,0.0,0.0%,qb,,,,,,,,,,
92,John Wolford (TB),0.0,0.0,0.0,0.0,0.0,0.0,0.0,0.0,0,0,0,0,0,0.0,0.0,0.0%,qb,,,,,,,,,,
93,Will Grier (NE),0.0,0.0,0.0,0.0,0.0,0.0,0.0,0.0,0,0,0,0,0,0.0,0.0,0.0%,qb,,,,,,,,,,
94,Easton Stick (LAC),0.0,0.0,0.0,0.0,0.0,0.0,0.0,0.0,0,0,0,0,0,0.0,0.0,0.0%,qb,,,,,,,,,,
95,Kyler Murray (ARI),0.0,0.0,0.0,0.0,0.0,0.0,0.0,0.0,0,0,0,0,0,0.0,0.0,24.0%,qb,,,,,,,,,,
96,Alex McGough (GB),0.0,0.0,0.0,0.0,0.0,0.0,0.0,0.0,0,0,0,0,0,0.0,0.0,0.0%,qb,,,,,,,,,,
97,Tim Boyle (NYJ),0.0,0.0,0.0,0.0,0.0,0.0,0.0,0.0,0,0,0,0,0,0.0,0.0,0.0%,qb,,,,,,,,,,
98,Brandon Allen (SF),0.0,0.0,0.0,0.0,0.0,0.0,0.0,0.0,0,0,0,0,0,0.0,0.0,0.0%,qb,,,,,,,,,,
99,AJ McCarron (CIN),0.0,0.0,0.0,0.0,0.0,0.0,0.0,0.0,0,0,0,0,0,0.0,0.0,0.0%,qb,,,,,,,,,,
100,Brett Smith (TB),0.0,0.0,0.0,0.0,0.0,0.0,0.0,0.0,0,0,0,0,0,0.0,0.0,,qb,,,,,,,,,,
101,Marcus Mariota (PHI),0.0,0.0,0.0,0.0,0.0,0.0,0.0,0.0,0,0,0,0,0,0.0,0.0,0.0%,qb,,,,,,,,,,
102,Jeff Driskel (ARI),0.0,0.0,0.0,0.0,0.0,0.0,0.0,0.0,0,0,0,0,0,0.0,0.0,0.0%,qb,,,,,,,,,,
103,Jacoby Brissett (WAS),0.0,0.0,0.0,0.0,0.0,0.0,0.0,0.0,0,0,0,0,0,0.0,0.0,0.0%,qb,,,,,,,,,,
104,Sean Mannion (MIN),0.0,0.0,0.0,0.0,0.0,0.0,0.0,0.0,0,0,0,0,0,0.0,0.0,0.0%,qb,,,,,,,,,,
105,Taylor Heinicke (ATL),0.0,0.0,0.0,0.0,0.0,0.0,0.0,0.0,0,0,0,0,0,0.0,0.0,1.0%,qb,,,,,,,,,,
106,Trevor Siemian (NYJ),0.0,0.0,0.0,0.0,0.0,0.0,0.0,0.0,0,0,0,0,0,0.0,0.0,1.0%,qb,,,,,,,,,,
107,Jake Browning (CIN),0.0,1.0,0.0,0.0,0.0,0.0,0.0,0.0,1,-1,0,0,1,-0.1,-0.1,1.0%,qb,,,,,,,,,,
108,Teddy Bridgewater (DET),0.0,0.0,0.0,0.0,0.0,0.0,0.0,0.0,2,-2,0,0,1,-0.2,-0.2,0.0%,qb,,,,,,,,,,
109,Sam Darnold (SF),1.0,1.0,100.0,1.0,1.0,0.0,0.0,0.0,5,-5,0,0,4,-0.5,-0.1,0.0%,qb,,,,,,,,,,
110,Kyle Allen (BUF),0.0,0.0,0.0,0.0,0.0,0.0,0.0,0.0,7,-7,0,0,3,-0.7,-0.2,0.0%,qb,,,,,,,,,,
111,Blaine Gabbert (KC),3.0,5.0,60.0,31.0,6.2,0.0,2.0,0.0,2,-1,0,0,1,-0.9,-0.9,0.0%,qb,,,,,,,,,,
1,Christian McCaffrey (SF),,,,,,,,,99,510,7,1,5,123.8,24.8,100.0%,rb,5.2,65.0,8.0,20.0,24.0,168.0,8.4,1.0,,
2,Raheem Mostert (MIA),,,,,,,,,58,314,7,1,5,97.7,19.5,96.0%,rb,5.4,43.0,5.0,15.0,17.0,128.0,8.5,1.0,,
3,De'Von Achane (MIA),,,,,,,,,38,460,5,1,4,97.2,24.3,94.0%,rb,12.1,76.0,17.0,9.0,11.0,67.0,7.4,2.0,,
4,Travis Etienne Jr. (JAC),,,,,,,,,95,396,3,0,5,83.0,16.6,100.0%,rb,4.2,35.0,5.0,18.0,21.0,144.0,8.0,0.0,,
5,Kyren Williams (LAR),,,,,,,,,77,298,5,0,5,82.8,16.6,93.0%,rb,3.9,20.0,1.0,13.0,24.0,105.0,8.1,1.0,,
6,Zack Moss (IND),,,,,,,,,89,445,3,0,4,81.7,20.4,85.0%,rb,5.0,56.0,7.0,8.0,10.0,72.0,9.0,1.0,,
7,Isiah Pacheco (KC),,,,,,,,,87,387,3,0,6,78.7,13.1,96.0%,rb,4.4,48.0,5.0,17.0,19.0,135.0,7.9,0.0,,
8,David Montgomery (DET),,,,,,,,,88,371,6,1,4,78.3,19.6,97.0%,rb,4.2,42.0,3.0,5.0,9.0,47.0,9.4,0.0,,
9,Bijan Robinson (ATL),,,,,,,,,67,364,0,1,5,71.5,14.3,100.0%,rb,5.4,38.0,4.0,21.0,24.0,146.0,7.0,2.0,,
10,D'Andre Swift (PHI),,,,,,,,,76,434,2,0,5,70.4,14.1,97.0%,rb,5.7,43.0,5.0,15.0,17.0,75.0,5.0,0.0,,
11,Kenneth Walker III (SEA),,,,,,,,,64,283,5,0,4,69.6,17.4,98.0%,rb,4.4,36.0,4.0,8.0,10.0,73.0,9.1,0.0,,
12,Brian Robinson Jr. (WAS),,,,,,,,,67,271,3,0,5,66.4,13.3,92.0%,rb,4.0,27.0,2.0,9.0,11.0,88.0,9.8,1.0,,
13,Josh Jacobs (LV),,,,,,,,,82,235,2,0,5,66.3,13.3,100.0%,rb,2.9,24.0,1.0,23.0,30.0,193.0,8.4,0.0,,
14,Tony Pollard (DAL),,,,,,,,,81,340,2,1,5,65.1,13.0,100.0%,rb,4.2,31.0,4.0,19.0,22.0,96.0,5.1,0.0,,
15,Derrick Henry (TEN),,,,,,,,,86,328,2,0,5,63.5,12.7,100.0%,rb,3.8,29.0,2.0,9.0,11.0,101.0,11.2,0.0,,
16,James Cook (BUF),,,,,,,,,61,292,1,0,5,56.2,11.2,97.0%,rb,4.8,36.0,4.0,14.0,18.0,140.0,10.0,0.0,,
17,James Conner (ARI),,,,,,,,,68,364,2,0,5,55.4,11.1,93.0%,rb,5.4,35.0,6.0,8.0,10.0,30.0,3.8,0.0,,
18,Breece Hall (NYJ),,,,,,,,,54,387,1,0,5,54.6,10.9,98.0%,rb,7.2,83.0,12.0,8.0,13.0,59.0,7.4,0.0,,
19,Joe Mixon (CIN),,,,,,,,,84,328,1,0,5,53.3,10.7,99.0%,rb,3.9,22.0,1.0,13.0,17.0,80.0,6.2,0.0,,
20,Alexander Mattison (MIN),,,,,,,,,64,276,0,1,5,52.2,10.4,95.0%,rb,4.3,17.0,0.0,14.0,21.0,76.0,5.4,2.0,,
21,Jerome Ford (CLE),,,,,,,,,50,186,1,1,4,49.3,12.3,88.0%,rb,3.7,69.0,4.0,10.0,13.0,77.0,7.7,2.0,,
22,Jaleel McLaughlin (DEN),,,,,,,,,29,190,1,0,6,47.3,7.9,60.0%,rb,6.6,38.0,5.0,9.0,10.0,58.0,6.4,2.0,,
23,Khalil Herbert (CHI),,,,,,,,,51,272,0,1,5,46.5,9.3,79.0%,rb,5.3,34.0,4.0,10.0,18.0,83.0,8.3,1.0,,
24,Dameon Pierce (HOU),,,,,,,,,84,247,1,0,5,43.6,8.7,96.0%,rb,2.9,15.0,0.0,9.0,12.0,84.0,9.3,0.0,,
25,Rachaad White (TB),,,,,,,,,63,206,1,1,4,39.7,9.9,92.0%,rb,3.3,13.0,0.0,13.0,13.0,86.0,6.6,0.0,,
26,Jaylen Warren (PIT),,,,,,,,,34,124,0,0,5,39.5,7.9,59.0%,rb,3.6,18.0,0.0,21.0,25.0,166.0,7.9,0.0,,
27,Rhamondre Stevenson (NE),,,,,,,,,68,188,1,0,5,39.5,7.9,96.0%,rb,2.8,12.0,0.0,12.0,18.0,87.0,7.3,0.0,,
28,Tyler Allgeier (ATL),,,,,,,,,62,191,2,0,5,39.3,7.9,63.0%,rb,3.1,22.0,1.0,6.0,9.0,32.0,5.3,0.0,,
29,Miles Sanders (CAR),,,,,,,,,61,190,1,2,5,36.6,7.3,92.0%,rb,3.1,15.0,0.0,15.0,24.0,81.0,5.4,0.0,,
30,Tyjae Spears (TEN),,,,,,,,,27,156,1,0,5,34.9,7.0,46.0%,rb,5.8,22.0,1.0,14.0,19.0,63.0,4.5,0.0,,
31,Justice Hill (BAL),,,,,,,,,29,115,3,1,4,33.5,8.4,40.0%,rb,4.0,15.0,0.0,7.0,7.0,25.0,3.6,0.0,,
32,Gus Edwards (BAL),,,,,,,,,56,241,1,0,5,33.2,6.6,66.0%,rb,4.3,20.0,1.0,2.0,3.0,1.0,0.5,0.0,,
33,Alvin Kamara (NO),,,,,,,,,33,131,1,0,2,32.1,16.1,97.0%,rb,4.0,13.0,0.0,16.0,17.0,50.0,3.1,0.0,,
34,Saquon Barkley (NYG),,,,,,,,,29,114,1,0,2,32.0,16.0,100.0%,rb,3.9,18.0,0.0,9.0,11.0,41.0,4.6,1.0,,
35,Jahmyr Gibbs (DET),,,,,,,,,39,179,0,0,4,31.9,8.0,96.0%,rb,4.6,21.0,1.0,14.0,18.0,70.0,5.0,0.0,,
36,Samaje Perine (DEN),,,,,,,,,24,88,0,2,6,31.7,5.3,42.0%,rb,3.7,12.0,0.0,17.0,20.0,184.0,10.8,0.0,,
37,Javonte Williams (DEN),,,,,,,,,48,190,0,0,5,31.6,6.3,87.0%,rb,4.0,18.0,0.0,11.0,15.0,51.0,4.6,0.0,,
38,Najee Harris (PIT),,,,,,,,,63,247,0,0,5,30.9,6.2,94.0%,rb,3.9,24.0,3.0,5.0,9.0,37.0,7.4,0.0,,
39,Roschon Johnson (CHI),,,,,,,,,25,122,1,0,5,29.5,5.9,55.0%,rb,4.9,29.0,1.0,11.0,12.0,58.0,5.3,0.0,,
40,AJ Dillon (GB),,,,,,,,,64,194,1,0,5,29.4,5.9,65.0%,rb,3.0,14.0,0.0,3.0,6.0,25.0,8.3,0.0,,
41,Jerick McKinnon (KC),,,,,,,,,7,21,0,0,6,29.2,4.9,45.0%,rb,3.0,10.0,0.0,12.0,17.0,91.0,7.6,2.0,,
42,Latavius Murray (BUF),,,,,,,,,19,83,2,0,5,28.7,5.7,13.0%,rb,4.4,29.0,1.0,7.0,8.0,49.0,7.0,0.0,,
43,Joshua Kelley (LAC),,,,,,,,,57,207,1,0,4,27.7,6.9,28.0%,rb,3.6,22.0,1.0,1.0,3.0,5.0,5.0,0.0,,
44,Aaron Jones (GB),,,,,,,,,14,59,1,0,2,27.6,13.8,98.0%,rb,4.2,9.0,0.0,3.0,6.0,82.0,27.3,1.0,,
45,Chuba Hubbard (CAR),,,,,,,,,35,154,0,0,5,27.1,5.4,30.0%,rb,4.4,21.0,1.0,12.0,14.0,57.0,4.8,0.0,,
46,Austin Ekeler (LAC),,,,,,,,,16,117,1,0,1,24.4,24.4,100.0%,rb,7.3,55.0,4.0,4.0,5.0,47.0,11.8,0.0,,
47,Ezekiel Elliott (NE),,,,,,,,,42,159,0,1,5,24.3,4.9,42.0%,rb,3.8,14.0,0.0,12.0,15.0,44.0,3.7,0.0,,
48,Matt Breida (NYG),,,,,,,,,30,82,1,0,5,24.1,4.8,16.0%,rb,2.7,8.0,0.0,10.0,10.0,49.0,4.9,0.0,,
49,Tony Jones Jr. (NO),,,,,,,,,21,70,2,0,4,23.1,5.8,4.0%,rb,3.3,19.0,0.0,4.0,6.0,21.0,5.3,0.0,,
50,Rico Dowdle (DAL),,,,,,,,,25,95,0,0,5,23.0,4.6,5.0%,rb,3.8,10.0,0.0,5.0,6.0,50.0,10.0,1.0,,
51,Kenneth Gainwell (PHI),,,,,,,,,39,128,0,0,4,22.7,5.7,42.0%,rb,3.3,16.0,0.0,8.0,10.0,39.0,4.9,0.0,,
52,Clyde Edwards-Helaire (KC),,,,,,,,,30,100,1,0,6,22.6,3.8,13.0%,rb,3.3,16.0,0.0,6.0,6.0,36.0,6.0,0.0,,
53,Nick Chubb (CLE),,,,,,,,,28,170,0,0,2,21.1,10.6,27.0%,rb,6.1,20.0,1.0,4.0,4.0,21.0,5.3,0.0,,
54,Antonio Gibson (WAS),,,,,,,,,13,54,0,2,5,20.6,4.1,54.0%,rb,4.2,13.0,0.0,12.0,16.0,132.0,11.0,0.0,,
55,Devin Singletary (HOU),,,,,,,,,27,95,0,0,5,18.2,3.6,14.0%,rb,3.5,14.0,0.0,4.0,5.0,25.0,6.3,0.0,,
56,Damien Harris (BUF),,,,,,,,,22,93,1,0,5,17.9,3.6,23.0%,rb,4.2,11.0,0.0,2.0,2.0,16.0,8.0,0.0,,
57,Cam Akers (MIN),,,,,,,,,32,84,1,0,3,17.8,5.9,67.0%,rb,2.6,12.0,0.0,4.0,4.0,14.0,3.5,0.0,,
58,Emari Demercado (ARI),,,,,,,,,14,48,1,0,5,17.8,3.6,67.0%,rb,3.4,11.0,0.0,6.0,9.0,40.0,6.7,0.0,,
59,Jordan Mason (SF),,,,,,,,,16,90,1,0,4,16.8,4.2,3.0%,rb,5.6,26.0,1.0,1.0,2.0,13.0,13.0,0.0,,
60,Kendre Miller (NO),,,,,,,,,22,74,0,0,3,16.2,5.4,15.0%,rb,3.4,10.0,0.0,6.0,6.0,58.0,9.7,0.0,,
61,Dalvin Cook (NYJ),,,,,,,,,36,97,0,1,5,16.1,3.2,58.0%,rb,2.7,10.0,0.0,8.0,8.0,44.0,5.5,0.0,,
62,Zach Charbonnet (SEA),,,,,,,,,21,104,0,0,4,14.6,3.7,50.0%,rb,5.0,15.0,0.0,4.0,7.0,22.0,5.5,0.0,,
63,Tank Bigsby (JAC),,,,,,,,,15,41,2,1,5,14.1,2.8,17.0%,rb,2.7,9.0,0.0,0.0,2.0,0.0,0.0,0.0,,
64,Craig Reynolds (DET),,,,,,,,,14,74,1,0,4,13.7,3.4,1.0%,rb,5.3,19.0,0.0,1.0,1.0,-2.0,-2.0,0.0,,
65,Pierre Strong Jr. (CLE),,,,,,,,,13,77,1,0,4,13.7,3.4,1.0%,rb,5.9,40.0,3.0,0.0,1.0,0.0,0.0,0.0,,
66,Kyle Juszczyk (SF),,,,,,,,,3,6,0,0,5,12.1,2.4,0.0%,rb,2.0,3.0,0.0,5.0,5.0,30.0,6.0,1.0,,
67,Michael Carter (NYJ),,,,,,,,,5,31,0,0,5,12.0,2.4,2.0%,rb,6.2,9.0,0.0,9.0,11.0,44.0,4.9,0.0,,
68,Melvin Gordon III (BAL),,,,,,,,,13,53,0,0,2,11.4,5.7,1.0%,rb,4.1,22.0,1.0,3.0,3.0,46.0,15.3,0.0,,
69,J.K. Dobbins (BAL),,,,,,,,,8,22,1,0,1,10.7,10.7,20.0%,rb,2.8,4.0,0.0,2.0,3.0,15.0,7.5,0.0,,
70,Ty Chandler (MIN),,,,,,,,,8,42,0,0,5,9.3,1.9,2.0%,rb,5.3,15.0,0.0,4.0,5.0,31.0,7.8,0.0,,
71,Jamaal Williams (NO),,,,,,,,,27,74,0,0,2,9.1,4.6,40.0%,rb,2.7,11.0,0.0,2.0,2.0,7.0,3.5,0.0,,
72,Gary Brightwell (NYG),,,,,,,,,9,19,0,0,4,9.1,2.3,1.0%,rb,2.1,5.0,0.0,5.0,7.0,47.0,9.4,0.0,,
73,Hunter Luepke (DAL),,,,,,,,,3,13,1,0,5,9.0,1.8,0.0%,rb,4.3,9.0,0.0,1.0,1.0,12.0,12.0,0.0,,
74,Deuce Vaughn (DAL),,,,,,,,,20,40,0,0,4,8.4,2.1,4.0%,rb,2.0,13.0,0.0,5.0,5.0,19.0,3.8,0.0,,
75,Patrick Taylor Jr. (FA),,,,,,,,,11,31,0,0,4,8.4,2.1,1.0%,rb,2.8,10.0,0.0,5.0,10.0,28.0,5.6,0.0,,
76,Ameer Abdullah (LV),,,,,,,,,1,4,0,0,5,8.0,1.6,1.0%,rb,4.0,4.0,0.0,6.0,10.0,46.0,7.7,0.0,,
77,Ronnie Rivers (LAR),,,,,,,,,10,48,0,0,5,7.7,1.5,3.0%,rb,4.8,9.0,0.0,3.0,3.0,14.0,4.7,0.0,,
78,Alec Ingold (MIA),,,,,,,,,2,0,0,0,5,7.2,1.4,0.0%,rb,0.0,0.0,0.0,3.0,3.0,57.0,19.0,0.0,,
79,Elijah Mitchell (SF),,,,,,,,,16,52,0,0,2,6.9,3.5,28.0%,rb,3.3,18.0,0.0,3.0,4.0,2.0,0.7,0.0,,
80,Salvon Ahmed (MIA),,,,,,,,,6,24,0,0,3,6.7,2.2,12.0%,rb,4.0,10.0,0.0,3.0,6.0,28.0,9.3,0.0,,
81,Chris Brooks (MIA),,,,,,,,,9,66,0,0,2,6.6,3.3,1.0%,rb,7.3,52.0,4.0,0.0,0.0,0.0,0.0,0.0,,
82,Nick Bawden (NYJ),,,,,,,,,1,1,1,0,5,6.1,1.2,0.0%,rb,1.0,1.0,0.0,0.0,0.0,0.0,0.0,0.0,,
83,Kareem Hunt (CLE),,,,,,,,,10,25,0,0,2,5.7,2.9,36.0%,rb,2.5,6.0,0.0,2.0,3.0,22.0,11.0,0.0,,
84,Boston Scott (PHI),,,,,,,,,6,43,0,0,2,5.5,2.8,0.0%,rb,7.2,18.0,0.0,1.0,1.0,7.0,7.0,0.0,,
85,Isaiah Spiller (LAC),,,,,,,,,8,22,0,0,3,4.7,1.6,0.0%,rb,2.8,6.0,0.0,2.0,2.0,15.0,7.5,0.0,,
86,Sean Tucker (TB),,,,,,,,,15,23,0,0,4,4.2,1.1,1.0%,rb,1.5,7.0,0.0,2.0,2.0,9.0,4.5,0.0,,
87,Jonathan Taylor (IND),,,,,,,,,6,18,0,0,1,3.9,3.9,98.0%,rb,3.0,5.0,0.0,1.0,1.0,16.0,16.0,0.0,,
88,D'Ernest Johnson (JAC),,,,,,,,,6,8,0,0,5,3.8,0.8,0.0%,rb,1.3,8.0,0.0,3.0,3.0,15.0,5.0,0.0,,
89,Mike Boone (HOU),,,,,,,,,1,4,0,0,4,3.7,0.9,0.0%,rb,4.0,4.0,0.0,3.0,4.0,18.0,6.0,0.0,,
90,Ty Montgomery II (NE),,,,,,,,,2,7,0,0,5,3.6,0.7,0.0%,rb,3.5,7.0,0.0,3.0,8.0,14.0,4.7,0.0,,
91,DeeJay Dallas (SEA),,,,,,,,,5,14,0,0,4,3.6,0.9,0.0%,rb,2.8,8.0,0.0,2.0,3.0,12.0,6.0,0.0,,
92,Trayveon Williams (CIN),,,,,,,,,5,20,0,0,5,3.4,0.7,0.0%,rb,4.0,5.0,0.0,2.0,4.0,4.0,2.0,0.0,,
93,D'Onta Foreman (CHI),,,,,,,,,5,16,0,0,1,3.4,3.4,28.0%,rb,3.2,11.0,0.0,2.0,3.0,8.0,4.0,0.0,,
94,Michael Burton (DEN),,,,,,,,,3,5,0,0,6,3.3,0.6,0.0%,rb,1.7,3.0,0.0,1.0,1.0,3.0,3.0,0.0,,
95,Keith Smith (ATL),,,,,,,,,0,0,0,0,5,3.3,0.7,0.0%,rb,0.0,0.0,0.0,1.0,1.0,28.0,28.0,0.0,,
96,Trey Sermon (IND),,,,,,,,,8,24,0,0,3,3.3,1.1,1.0%,rb,3.0,5.0,0.0,1.0,2.0,4.0,4.0,0.0,,
97,Eric Gray (NYG),,,,,,,,,12,25,0,0,5,3.1,0.6,0.0%,rb,2.1,8.0,0.0,1.0,1.0,1.0,1.0,0.0,,
98,C.J. Ham (MIN),,,,,,,,,0,0,0,0,5,2.9,0.6,0.0%,rb,0.0,0.0,0.0,3.0,4.0,14.0,4.7,0.0,,
99,Elijah Dotson (LAC),,,,,,,,,4,6,0,0,4,2.9,0.7,0.0%,rb,1.5,2.0,0.0,2.0,2.0,13.0,6.5,0.0,,
100,Zamir White (LV),,,,,,,,,8,39,0,1,4,2.9,0.7,3.0%,rb,4.9,11.0,0.0,1.0,1.0,5.0,5.0,0.0,,
101,Keaontay Ingram (ARI),,,,,,,,,12,15,0,0,3,2.8,0.9,16.0%,rb,1.3,8.0,0.0,1.0,1.0,8.0,8.0,0.0,,
102,Jake Funk (MIA),,,,,,,,,2,10,0,0,1,2.7,2.7,0.0%,rb,5.0,7.0,0.0,1.0,1.0,12.0,12.0,0.0,,
103,Khari Blasingame (CHI),,,,,,,,,8,26,0,0,5,2.6,0.5,0.0%,rb,3.3,6.0,0.0,0.0,1.0,0.0,0.0,0.0,,
104,Zonovan Knight (DET),,,,,,,,,3,13,0,0,2,2.6,1.3,0.0%,rb,4.3,8.0,0.0,1.0,1.0,8.0,8.0,0.0,,
105,Ke'Shawn Vaughn (TB),,,,,,,,,9,16,0,0,1,2.4,2.4,0.0%,rb,1.8,8.0,0.0,1.0,1.0,3.0,3.0,0.0,,
106,Emanuel Wilson (GB),,,,,,,,,5,11,0,0,3,2.2,0.7,1.0%,rb,2.2,7.0,0.0,1.0,1.0,6.0,6.0,0.0,,
107,Tyrion Davis-Price (SF),,,,,,,,,6,21,0,0,1,2.1,2.1,0.0%,rb,3.5,15.0,0.0,0.0,0.0,0.0,0.0,0.0,,
108,Anthony McFarland Jr. (PIT),,,,,,,,,0,0,0,0,1,2.1,2.1,0.0%,rb,0.0,0.0,0.0,2.0,2.0,11.0,5.5,0.0,,
109,Kenyan Drake (BAL),,,,,,,,,1,0,0,1,2,2.1,1.1,0.0%,rb,0.0,0.0,0.0,2.0,3.0,31.0,15.5,0.0,,
110,Chase Edmonds (TB),,,,,,,,,4,20,0,0,2,2.0,1.0,1.0%,rb,5.0,14.0,0.0,0.0,0.0,0.0,0.0,0.0,,
111,Patrick Ricard (BAL),,,,,,,,,0,0,0,0,5,1.9,0.4,0.0%,rb,0.0,0.0,0.0,1.0,1.0,14.0,14.0,0.0,,
112,Rashaad Penny (PHI),,,,,,,,,3,9,0,0,1,1.9,1.9,14.0%,rb,3.0,6.0,0.0,1.0,1.0,5.0,5.0,0.0,,
113,Jakob Johnson (LV),,,,,,,,,0,0,0,0,5,1.7,0.3,0.0%,rb,0.0,0.0,0.0,1.0,2.0,12.0,12.0,0.0,,
114,Chris Evans (CIN),,,,,,,,,2,12,0,0,2,1.6,0.8,0.0%,rb,6.0,7.0,0.0,1.0,1.0,-1.0,-1.0,0.0,,
115,Deon Jackson (CLE),,,,,,,,,13,14,0,2,1,1.3,1.3,2.0%,rb,1.1,7.0,0.0,5.0,6.0,14.0,2.8,0.0,,
116,Cordarrelle Patterson (ATL),,,,,,,,,0,0,0,0,2,1.2,0.6,4.0%,rb,0.0,0.0,0.0,1.0,1.0,7.0,7.0,0.0,,
117,Evan Hull (IND),,,,,,,,,1,1,0,0,1,1.2,1.2,1.0%,rb,1.0,1.0,0.0,1.0,1.0,6.0,6.0,0.0,,
118,Chase Brown (CIN),,,,,,,,,1,2,0,0,4,1.1,0.3,1.0%,rb,2.0,2.0,0.0,2.0,2.0,-1.0,-0.5,0.0,,
119,Reggie Gilliam (BUF),,,,,,,,,0,0,0,0,5,0.8,0.2,0.0%,rb,0.0,0.0,0.0,1.0,1.0,3.0,3.0,0.0,,
120,Chris Rodriguez Jr. (WAS),,,,,,,,,3,7,0,0,3,0.7,0.2,0.0%,rb,2.3,3.0,0.0,0.0,0.0,0.0,0.0,0.0,,
121,Dare Ogunbowale (HOU),,,,,,,,,2,4,0,0,1,0.4,0.4,0.0%,rb,2.0,2.0,0.0,0.0,0.0,0.0,0.0,0.0,,
122,Raheem Blackshear (CAR),,,,,,,,,0,0,0,0,0,0.0,0.0,0.0%,rb,0.0,0.0,0.0,0.0,0.0,0.0,0.0,0.0,,
123,Austin Walter (LV),,,,,,,,,0,0,0,0,0,0.0,0.0,0.0%,rb,0.0,0.0,0.0,0.0,0.0,0.0,0.0,0.0,,
124,Chris Myarick (NYG),,,,,,,,,0,0,0,0,0,0.0,0.0,0.0%,rb,0.0,0.0,0.0,0.0,0.0,0.0,0.0,0.0,,
125,Derrick Gore (WAS),,,,,,,,,0,0,0,0,2,0.0,0.0,0.0%,rb,0.0,0.0,0.0,0.0,0.0,0.0,0.0,0.0,,
126,Andrew Beck (HOU),,,,,,,,,2,2,0,0,5,0.0,0.0,0.0%,rb,1.0,2.0,0.0,0.0,1.0,0.0,0.0,0.0,,
127,Darrynton Evans (CHI),,,,,,,,,0,0,0,0,0,0.0,0.0,0.0%,rb,0.0,0.0,0.0,0.0,0.0,0.0,0.0,0.0,,
128,Eno Benjamin (NO),,,,,,,,,0,0,0,0,0,0.0,0.0,0.0%,rb,0.0,0.0,0.0,0.0,0.0,0.0,0.0,0.0,,
129,La'Mical Perine (KC),,,,,,,,,0,0,0,0,0,0.0,0.0,0.0%,rb,0.0,0.0,0.0,0.0,0.0,0.0,0.0,0.0,,
130,Jacques Patrick (TEN),,,,,,,,,0,0,0,0,0,0.0,0.0,0.0%,rb,0.0,0.0,0.0,0.0,0.0,0.0,0.0,0.0,,
131,Qadree Ollison (PIT),,,,,,,,,0,0,0,0,1,0.0,0.0,0.0%,rb,0.0,0.0,0.0,0.0,0.0,0.0,0.0,0.0,,
132,Ty Johnson (BUF),,,,,,,,,0,0,0,0,0,0.0,0.0,0.0%,rb,0.0,0.0,0.0,0.0,0.0,0.0,0.0,0.0,,
133,Patrick Laird (TB),,,,,,,,,0,0,0,0,0,0.0,0.0,0.0%,rb,0.0,0.0,0.0,0.0,0.0,0.0,0.0,0.0,,
134,Devine Ozigbo (DET),,,,,,,,,0,0,0,0,0,0.0,0.0,0.0%,rb,0.0,0.0,0.0,0.0,0.0,0.0,0.0,0.0,,
135,Mike Weber (NYG),,,,,,,,,0,0,0,0,0,0.0,0.0,0.0%,rb,0.0,0.0,0.0,0.0,0.0,0.0,0.0,0.0,,
136,Travis Homer (CHI),,,,,,,,,0,0,0,0,3,0.0,0.0,0.0%,rb,0.0,0.0,0.0,0.0,0.0,0.0,0.0,0.0,,
137,Jaret Patterson (LAC),,,,,,,,,0,0,0,0,0,0.0,0.0,0.0%,rb,0.0,0.0,0.0,0.0,0.0,0.0,0.0,0.0,,
138,Demetric Felton Jr. (CIN),,,,,,,,,0,0,0,0,0,0.0,0.0,0.0%,rb,0.0,0.0,0.0,0.0,0.0,0.0,0.0,0.0,,
139,JaMycal Hasty (JAC),,,,,,,,,0,0,0,0,2,0.0,0.0,0.0%,rb,0.0,0.0,0.0,0.0,2.0,0.0,0.0,0.0,,
140,Kirk Merritt (FA),,,,,,,,,0,0,0,0,1,0.0,0.0,0.0%,rb,0.0,0.0,0.0,0.0,0.0,0.0,0.0,0.0,,
141,Brittain Brown (LV),,,,,,,,,0,0,0,0,0,0.0,0.0,0.0%,rb,0.0,0.0,0.0,0.0,0.0,0.0,0.0,0.0,,
142,Troy Hairston II (HOU),,,,,,,,,0,0,0,0,0,0.0,0.0,0.0%,rb,0.0,0.0,0.0,0.0,0.0,0.0,0.0,0.0,,
143,Julius Chestnut (TEN),,,,,,,,,0,0,0,0,2,0.0,0.0,0.0%,rb,0.0,0.0,0.0,0.0,0.0,0.0,0.0,0.0,,
144,Tyler Badie (DEN),,,,,,,,,0,0,0,0,0,0.0,0.0,0.0%,rb,0.0,0.0,0.0,0.0,0.0,0.0,0.0,0.0,,
145,Hassan Haskins (TEN),,,,,,,,,0,0,0,0,0,0.0,0.0,0.0%,rb,0.0,0.0,0.0,0.0,0.0,0.0,0.0,0.0,,
146,Israel Abanikanda (NYJ),,,,,,,,,0,0,0,0,0,0.0,0.0,0.0%,rb,0.0,0.0,0.0,0.0,0.0,0.0,0.0,0.0,,
147,Bryant Koback (PHI),,,,,,,,,0,0,0,0,1,0.0,0.0,0.0%,rb,0.0,0.0,0.0,0.0,0.0,0.0,0.0,0.0,,
148,Malik Davis (DAL),,,,,,,,,0,0,0,0,0,0.0,0.0,0.0%,rb,0.0,0.0,0.0,0.0,0.0,0.0,0.0,0.0,,
149,Owen Wright (BAL),,,,,,,,,0,0,0,0,0,0.0,0.0,0.0%,rb,0.0,0.0,0.0,0.0,0.0,0.0,0.0,0.0,,
150,Jordan Mims (NO),,,,,,,,,0,0,0,0,1,0.0,0.0,0.0%,rb,0.0,0.0,0.0,0.0,0.0,0.0,0.0,0.0,,
151,Deneric Prince (KC),,,,,,,,,0,0,0,0,0,0.0,0.0,0.0%,rb,0.0,0.0,0.0,0.0,0.0,0.0,0.0,0.0,,
152,Levi Bell (SEA),,,,,,,,,0,0,0,0,0,0.0,0.0,0.0%,rb,0.0,0.0,0.0,0.0,0.0,0.0,0.0,0.0,,
153,Robert Burns (CHI),,,,,,,,,0,0,0,0,0,0.0,0.0,,rb,0.0,0.0,0.0,0.0,0.0,0.0,0.0,0.0,,
154,Keaton Mitchell (BAL),,,,,,,,,0,0,0,0,0,0.0,0.0,23.0%,rb,0.0,0.0,0.0,0.0,0.0,0.0,0.0,0.0,,
155,Xazavian Valladay (NYJ),,,,,,,,,0,0,0,0,0,0.0,0.0,0.0%,rb,0.0,0.0,0.0,0.0,0.0,0.0,0.0,0.0,,
156,Kenny McIntosh (SEA),,,,,,,,,0,0,0,0,0,0.0,0.0,0.0%,rb,0.0,0.0,0.0,0.0,0.0,0.0,0.0,0.0,,
157,DeWayne McBride (MIN),,,,,,,,,0,0,0,0,0,0.0,0.0,0.0%,rb,0.0,0.0,0.0,0.0,0.0,0.0,0.0,0.0,,
158,Henry Pearson (GB),,,,,,,,,0,0,0,0,0,0.0,0.0,0.0%,rb,0.0,0.0,0.0,0.0,0.0,0.0,0.0,0.0,,
159,Derek Parish (JAC),,,,,,,,,0,0,0,0,1,0.0,0.0,0.0%,rb,0.0,0.0,0.0,0.0,0.0,0.0,0.0,0.0,,
160,Carlos Washington Jr. (ATL),,,,,,,,,0,0,0,0,0,0.0,0.0,0.0%,rb,0.0,0.0,0.0,0.0,0.0,0.0,0.0,0.0,,
161,Jack Colletto (PIT),,,,,,,,,0,0,0,0,0,0.0,0.0,0.0%,rb,0.0,0.0,0.0,0.0,0.0,0.0,0.0,0.0,,
162,SaRodorick Thompson Jr. (SEA),,,,,,,,,0,0,0,0,0,0.0,0.0,0.0%,rb,0.0,0.0,0.0,0.0,0.0,0.0,0.0,0.0,,
163,Javian Hawkins (TEN),,,,,,,,,0,0,0,0,0,0.0,0.0,0.0%,rb,0.0,0.0,0.0,0.0,0.0,0.0,0.0,0.0,,
164,Sincere McCormick (LV),,,,,,,,,0,0,0,0,0,0.0,0.0,0.0%,rb,0.0,0.0,0.0,0.0,0.0,0.0,0.0,0.0,,
165,Zach Evans (LAR),,,,,,,,,0,0,0,0,0,0.0,0.0,0.0%,rb,0.0,0.0,0.0,0.0,0.0,0.0,0.0,0.0,,
166,Kevin Harris (NE),,,,,,,,,0,0,0,0,0,0.0,0.0,0.0%,rb,0.0,0.0,0.0,0.0,0.0,0.0,0.0,0.0,,
167,Kene Nwangwu (MIN),,,,,,,,,0,0,0,0,0,0.0,0.0,0.0%,rb,0.0,0.0,0.0,0.0,0.0,0.0,0.0,0.0,,
168,Gerrid Doaks (HOU),,,,,,,,,0,0,0,0,0,0.0,0.0,0.0%,rb,0.0,0.0,0.0,0.0,0.0,0.0,0.0,0.0,,
169,Avery Williams (ATL),,,,,,,,,0,0,0,0,0,0.0,0.0,0.0%,rb,0.0,0.0,0.0,0.0,0.0,0.0,0.0,0.0,,
170,Tyler Goodson (IND),,,,,,,,,0,0,0,0,0,0.0,0.0,0.0%,rb,0.0,0.0,0.0,0.0,0.0,0.0,0.0,0.0,,
171,Jashaun Corbin (CAR),,,,,,,,,0,0,0,0,0,0.0,0.0,0.0%,rb,0.0,0.0,0.0,0.0,0.0,0.0,0.0,0.0,,
172,Snoop Conner (JAC),,,,,,,,,0,0,0,0,0,0.0,0.0,0.0%,rb,0.0,0.0,0.0,0.0,0.0,0.0,0.0,0.0,,
173,Nick Bellore (SEA),,,,,,,,,0,0,0,0,0,0.0,0.0,8.0%,rb,0.0,0.0,0.0,0.0,0.0,0.0,0.0,0.0,,
174,Chad Spann (HOU),,,,,,,,,0,0,0,0,0,0.0,0.0,,rb,0.0,0.0,0.0,0.0,0.0,0.0,0.0,0.0,,
175,Jay Finley (CIN),,,,,,,,,0,0,0,0,0,0.0,0.0,,rb,0.0,0.0,0.0,0.0,0.0,0.0,0.0,0.0,,
176,Garrett Mills (NE),,,,,,,,,0,0,0,0,0,0.0,0.0,,rb,0.0,0.0,0.0,0.0,0.0,0.0,0.0,0.0,,
177,Shane Bannon (KC),,,,,,,,,0,0,0,0,0,0.0,0.0,,rb,0.0,0.0,0.0,0.0,0.0,0.0,0.0,0.0,,
178,Brandon Bolden (LV),,,,,,,,,0,0,0,0,1,0.0,0.0,0.0%,rb,0.0,0.0,0.0,0.0,0.0,0.0,0.0,0.0,,
179,Kenny Irons (CIN),,,,,,,,,0,0,0,0,0,0.0,0.0,,rb,0.0,0.0,0.0,0.0,0.0,0.0,0.0,0.0,,
180,Anthony Alridge (WAS),,,,,,,,,0,0,0,0,0,0.0,0.0,,rb,0.0,0.0,0.0,0.0,0.0,0.0,0.0,0.0,,
181,Dantrell Savage (CAR),,,,,,,,,0,0,0,0,0,0.0,0.0,,rb,0.0,0.0,0.0,0.0,0.0,0.0,0.0,0.0,,
182,Chad Simpson (WAS),,,,,,,,,0,0,0,0,0,0.0,0.0,,rb,0.0,0.0,0.0,0.0,0.0,0.0,0.0,0.0,,
183,Xavier Omon (SF),,,,,,,,,0,0,0,0,0,0.0,0.0,,rb,0.0,0.0,0.0,0.0,0.0,0.0,0.0,0.0,,
184,Samkon Gado (TEN),,,,,,,,,0,0,0,0,0,0.0,0.0,,rb,0.0,0.0,0.0,0.0,0.0,0.0,0.0,0.0,,
185,Madison Hedgecock (NYG),,,,,,,,,0,0,0,0,0,0.0,0.0,,rb,0.0,0.0,0.0,0.0,0.0,0.0,0.0,0.0,,
186,Tarik Cohen (CAR),,,,,,,,,0,0,0,0,0,0.0,0.0,0.0%,rb,0.0,0.0,0.0,0.0,0.0,0.0,0.0,0.0,,
187,Corey Clement (ARI),,,,,,,,,0,0,0,0,1,0.0,0.0,0.0%,rb,0.0,0.0,0.0,0.0,0.0,0.0,0.0,0.0,,
188,Jeremy McNichols (SF),,,,,,,,,0,0,0,0,0,0.0,0.0,0.0%,rb,0.0,0.0,0.0,0.0,0.0,0.0,0.0,0.0,,
189,Marlon Mack (ARI),,,,,,,,,0,0,0,0,1,0.0,0.0,0.0%,rb,0.0,0.0,0.0,0.0,0.0,0.0,0.0,0.0,,
190,Taquan Mizzell (NYG),,,,,,,,,0,0,0,0,0,0.0,0.0,0.0%,rb,0.0,0.0,0.0,0.0,0.0,0.0,0.0,0.0,,
191,Alex Armah Jr. (WAS),,,,,,,,,0,0,0,0,0,0.0,0.0,0.0%,rb,0.0,0.0,0.0,0.0,0.0,0.0,0.0,0.0,,
192,Dwayne Washington (DEN),,,,,,,,,0,0,0,0,0,0.0,0.0,0.0%,rb,0.0,0.0,0.0,0.0,0.0,0.0,0.0,0.0,,
193,J.P. Holtz (NO),,,,,,,,,0,0,0,0,0,0.0,0.0,0.0%,rb,0.0,0.0,0.0,0.0,0.0,0.0,0.0,0.0,,
194,Jeff Wilson Jr. (MIA),,,,,,,,,0,0,0,0,0,0.0,0.0,54.0%,rb,0.0,0.0,0.0,0.0,0.0,0.0,0.0,0.0,,
195,Royce Freeman (LAR),,,,,,,,,0,0,0,0,2,0.0,0.0,0.0%,rb,0.0,0.0,0.0,0.0,0.0,0.0,0.0,0.0,,
196,Jason Cabinda (DET),,,,,,,,,1,0,0,0,3,0.0,0.0,0.0%,rb,0.0,0.0,0.0,0.0,0.0,0.0,0.0,0.0,,
197,Godwin Igwebuike (PIT),,,,,,,,,0,0,0,0,0,0.0,0.0,0.0%,rb,0.0,0.0,0.0,0.0,0.0,0.0,0.0,0.0,,
198,Nyheim Hines (BUF),,,,,,,,,0,0,0,0,0,0.0,0.0,0.0%,rb,0.0,0.0,0.0,0.0,0.0,0.0,0.0,0.0,,
199,Myles Gaskin (MIN),,,,,,,,,0,0,0,0,0,0.0,0.0,0.0%,rb,0.0,0.0,0.0,0.0,0.0,0.0,0.0,0.0,,
200,Brennan Clay (DEN),,,,,,,,,0,0,0,0,0,0.0,0.0,,rb,0.0,0.0,0.0,0.0,0.0,0.0,0.0,0.0,,
201,Willie Carter (CHI),,,,,,,,,0,0,0,0,0,0.0,0.0,,rb,0.0,0.0,0.0,0.0,0.0,0.0,0.0,0.0,,
202,Tim Flanders (NO),,,,,,,,,0,0,0,0,0,0.0,0.0,,rb,0.0,0.0,0.0,0.0,0.0,0.0,0.0,0.0,,
203,Damien Williams (ARI),,,,,,,,,0,0,0,0,0,0.0,0.0,0.0%,rb,0.0,0.0,0.0,0.0,0.0,0.0,0.0,0.0,,
204,Adam Prentice (NO),,,,,,,,,1,5,0,1,5,-0.5,-0.1,0.0%,rb,5.0,5.0,0.0,1.0,2.0,5.0,5.0,0.0,,
1,Tyreek Hill (MIA),,,,,,,,,1,14,0,0,5,114.5,22.9,100.0%,wr,,,,36.0,49.0,651.0,18.1,5.0,69.0,22.0
2,Stefon Diggs (BUF),,,,,,,,,0,0,0,1,5,99.5,19.9,100.0%,wr,,,,39.0,50.0,520.0,13.3,5.0,55.0,12.0
3,DJ Moore (CHI),,,,,,,,,0,0,0,0,5,96.6,19.3,98.0%,wr,,,,27.0,34.0,531.0,19.7,5.0,58.0,22.0
4,Puka Nacua (LAR),,,,,,,,,2,4,0,0,5,92.6,18.5,94.0%,wr,,,,46.0,63.0,572.0,12.4,2.0,37.0,12.0
5,Justin Jefferson (MIN),,,,,,,,,0,0,0,1,5,91.1,18.2,100.0%,wr,,,,36.0,53.0,571.0,15.9,3.0,52.0,23.0
6,Ja'Marr Chase (CIN),,,,,,,,,1,2,0,0,5,87.8,17.6,100.0%,wr,,,,44.0,60.0,476.0,10.8,3.0,63.0,7.0
7,Keenan Allen (LAC),,,,,,,,,2,6,0,0,4,85.5,21.4,99.0%,wr,,,,35.0,44.0,434.0,12.4,3.0,42.0,11.0
8,A.J. Brown (PHI),,,,,,,,,0,0,0,0,5,83.6,16.7,100.0%,wr,,,,35.0,51.0,541.0,15.5,2.0,59.0,15.0
9,Davante Adams (LV),,,,,,,,,0,0,0,0,5,80.7,16.1,100.0%,wr,,,,37.0,54.0,442.0,11.9,3.0,32.0,5.0
10,Adam Thielen (CAR),,,,,,,,,1,6,0,0,5,79.0,15.8,91.0%,wr,,,,38.0,46.0,394.0,10.4,3.0,30.0,6.0
11,Nico Collins (HOU),,,,,,,,,0,0,0,0,5,77.2,15.4,92.0%,wr,,,,25.0,36.0,467.0,18.7,3.0,52.0,17.0
12,Gabe Davis (BUF),,,,,,,,,1,-2,0,0,5,64.8,13.0,91.0%,wr,,,,18.0,26.0,320.0,17.8,4.0,40.0,10.0
13,George Pickens (PIT),,,,,,,,,1,16,0,0,5,63.9,12.8,89.0%,wr,,,,22.0,40.0,393.0,17.9,2.0,71.0,14.0
14,Marquise Brown (ARI),,,,,,,,,1,29,0,0,5,63.4,12.7,92.0%,wr,,,,25.0,42.0,300.0,12.0,3.0,41.0,6.0
15,Mike Evans (TB),,,,,,,,,0,0,0,0,4,61.7,15.4,96.0%,wr,,,,20.0,31.0,337.0,16.9,3.0,70.0,12.0
16,Deebo Samuel (SF),,,,,,,,,16,84,1,0,5,60.6,12.1,99.0%,wr,,,,20.0,31.0,302.0,15.1,1.0,42.0,11.0
17,Brandon Aiyuk (SF),,,,,,,,,0,0,0,0,4,60.3,15.1,98.0%,wr,,,,21.0,27.0,378.0,18.0,2.0,42.0,10.0
18,Courtland Sutton (DEN),,,,,,,,,0,0,0,2,6,60.0,10.0,72.0%,wr,,,,25.0,37.0,275.0,11.0,4.0,25.0,4.0
19,Jakobi Meyers (LV),,,,,,,,,1,0,0,0,4,57.9,14.5,80.0%,wr,,,,25.0,36.0,274.0,11.0,3.0,25.0,2.0
20,Calvin Ridley (JAC),,,,,,,,,2,14,0,0,5,57.7,11.5,99.0%,wr,,,,22.0,36.0,333.0,15.1,2.0,32.0,9.0
21,CeeDee Lamb (DAL),,,,,,,,,3,21,0,0,5,57.4,11.5,100.0%,wr,,,,27.0,35.0,358.0,13.3,1.0,49.0,12.0
22,Amon-Ra St. Brown (DET),,,,,,,,,1,4,0,1,4,56.5,14.1,100.0%,wr,,,,26.0,35.0,331.0,12.7,2.0,39.0,6.0
23,Christian Kirk (JAC),,,,,,,,,1,6,0,0,5,55.1,11.0,93.0%,wr,,,,30.0,43.0,335.0,11.2,1.0,45.0,9.0
24,Josh Reynolds (DET),,,,,,,,,0,0,0,0,5,55.1,11.0,48.0%,wr,,,,16.0,24.0,291.0,18.2,3.0,33.0,11.0
25,Tank Dell (HOU),,,,,,,,,4,9,0,0,5,54.8,11.0,61.0%,wr,,,,19.0,28.0,324.0,17.1,2.0,68.0,10.0
26,Tutu Atwell (LAR),,,,,,,,,2,27,0,0,5,54.6,10.9,56.0%,wr,,,,24.0,40.0,279.0,11.6,2.0,44.0,6.0
27,Michael Pittman Jr. (IND),,,,,,,,,0,0,0,0,5,53.2,10.6,95.0%,wr,,,,31.0,46.0,297.0,9.6,1.0,39.0,5.0
28,DeVonta Smith (PHI),,,,,,,,,0,0,0,0,5,52.5,10.5,100.0%,wr,,,,23.0,34.0,290.0,12.6,2.0,63.0,10.0
29,Jordan Addison (MIN),,,,,,,,,0,0,0,0,5,52.4,10.5,91.0%,wr,,,,19.0,29.0,249.0,13.1,3.0,62.0,6.0
30,Garrett Wilson (NYJ),,,,,,,,,0,0,0,0,5,51.9,10.4,99.0%,wr,,,,24.0,43.0,279.0,11.6,2.0,68.0,7.0
31,Romeo Doubs (GB),,,,,,,,,0,0,0,0,5,51.3,10.3,66.0%,wr,,,,21.0,37.0,228.0,10.9,3.0,30.0,2.0
32,Chris Olave (NO),,,,,,,,,0,0,0,0,5,50.3,10.1,99.0%,wr,,,,25.0,43.0,318.0,12.7,1.0,45.0,9.0
33,Curtis Samuel (WAS),,,,,,,,,3,20,1,0,5,49.8,10.0,32.0%,wr,,,,23.0,27.0,243.0,10.6,1.0,37.0,5.0
34,DeAndre Hopkins (TEN),,,,,,,,,0,0,0,0,5,48.6,9.7,95.0%,wr,,,,26.0,42.0,356.0,13.7,0.0,38.0,7.0
35,DK Metcalf (SEA),,,,,,,,,0,0,0,0,4,47.8,12.0,99.0%,wr,,,,18.0,23.0,268.0,14.9,2.0,34.0,5.0
36,Zay Flowers (BAL),,,,,,,,,5,11,0,0,5,47.3,9.5,86.0%,wr,,,,29.0,40.0,317.0,10.9,0.0,52.0,11.0
37,Rashee Rice (KC),,,,,,,,,1,-3,0,0,6,46.7,7.8,45.0%,wr,,,,21.0,28.0,245.0,11.7,2.0,28.0,3.0
38,Michael Wilson (ARI),,,,,,,,,0,0,0,0,5,45.0,9.0,25.0%,wr,,,,15.0,18.0,255.0,17.0,2.0,69.0,7.0
39,Terry McLaurin (WAS),,,,,,,,,0,0,0,0,5,44.6,8.9,94.0%,wr,,,,25.0,31.0,261.0,10.4,1.0,32.0,5.0
40,Kendrick Bourne (NE),,,,,,,,,0,0,0,0,5,42.8,8.6,15.0%,wr,,,,18.0,33.0,218.0,12.1,2.0,28.0,2.0
41,Drake London (ATL),,,,,,,,,0,0,0,0,5,41.8,8.4,92.0%,wr,,,,17.0,31.0,204.0,12.0,2.0,32.0,6.0
42,Michael Thomas (NO),,,,,,,,,0,0,0,0,5,41.4,8.3,83.0%,wr,,,,26.0,39.0,284.0,10.9,0.0,26.0,3.0
43,Jayden Reed (GB),,,,,,,,,1,-2,0,0,5,41.3,8.3,21.0%,wr,,,,13.0,27.0,210.0,16.2,2.0,44.0,8.0
44,Amari Cooper (CLE),,,,,,,,,0,0,0,0,4,40.9,10.2,98.0%,wr,,,,18.0,31.0,259.0,14.4,1.0,43.0,6.0
45,Marvin Mims Jr. (DEN),,,,,,,,,3,13,0,1,6,40.9,6.8,28.0%,wr,,,,10.0,12.0,246.0,24.6,1.0,60.0,15.0
46,Mike Williams (LAC),,,,,,,,,1,3,0,0,3,40.7,13.6,22.0%,wr,,,,19.0,26.0,249.0,13.1,1.0,49.0,7.0
47,Rashid Shaheed (NO),,,,,,,,,3,11,0,1,5,39.4,7.9,32.0%,wr,,,,14.0,21.0,213.0,15.2,1.0,45.0,8.0
48,Jaylen Waddle (MIA),,,,,,,,,1,-2,0,0,4,38.8,9.7,100.0%,wr,,,,17.0,26.0,245.0,14.4,1.0,35.0,7.0
49,Tyler Lockett (SEA),,,,,,,,,0,0,0,0,4,38.2,9.6,95.0%,wr,,,,17.0,27.0,157.0,9.2,2.0,23.0,1.0
50,Chris Godwin (TB),,,,,,,,,0,0,0,0,4,38.0,9.5,94.0%,wr,,,,21.0,30.0,255.0,12.1,0.0,42.0,6.0
51,Josh Downs (IND),,,,,,,,,0,0,0,0,5,37.0,7.4,29.0%,wr,,,,23.0,33.0,255.0,11.1,0.0,38.0,6.0
52,K.J. Osborn (MIN),,,,,,,,,0,0,0,0,5,35.1,7.0,64.0%,wr,,,,13.0,26.0,166.0,12.8,2.0,36.0,3.0
53,Brandon Johnson (DEN),,,,,,,,,0,0,0,0,6,34.2,5.7,0.0%,wr,,,,8.0,13.0,122.0,15.3,3.0,50.0,5.0
54,DJ Chark Jr. (CAR),,,,,,,,,0,0,0,0,4,34.1,8.5,13.0%,wr,,,,10.0,21.0,171.0,17.1,2.0,47.0,4.0
55,Kalif Raymond (DET),,,,,,,,,2,51,0,0,5,33.0,6.6,5.0%,wr,,,,11.0,14.0,164.0,14.9,1.0,36.0,5.0
56,Nick Westbrook-Ikhine (TEN),,,,,,,,,0,0,0,0,5,32.8,6.6,2.0%,wr,,,,13.0,19.0,143.0,11.0,2.0,24.0,3.0
57,Allen Lazard (NYJ),,,,,,,,,0,0,0,0,5,32.7,6.5,25.0%,wr,,,,13.0,20.0,202.0,15.5,1.0,39.0,5.0
58,Robert Woods (HOU),,,,,,,,,0,0,0,0,5,32.6,6.5,17.0%,wr,,,,21.0,40.0,221.0,10.5,0.0,25.0,1.0
59,Jerry Jeudy (DEN),,,,,,,,,0,0,0,0,5,32.2,6.4,82.0%,wr,,,,20.0,29.0,222.0,11.1,0.0,46.0,6.0
60,Rondale Moore (ARI),,,,,,,,,8,116,1,0,5,31.2,6.2,8.0%,wr,,,,11.0,17.0,81.0,7.4,0.0,31.0,2.0
61,Tee Higgins (CIN),,,,,,,,,0,0,0,0,4,30.9,7.7,97.0%,wr,,,,12.0,32.0,129.0,10.8,2.0,20.0,1.0
62,Braxton Berrios (MIA),,,,,,,,,1,11,0,0,5,30.5,6.1,7.0%,wr,,,,15.0,18.0,159.0,10.6,1.0,22.0,1.0
63,Nelson Agholor (BAL),,,,,,,,,0,0,0,0,5,30.0,6.0,1.0%,wr,,,,14.0,17.0,170.0,12.1,1.0,30.0,2.0
64,Jahan Dotson (WAS),,,,,,,,,0,0,0,0,5,28.5,5.7,63.0%,wr,,,,17.0,30.0,140.0,8.2,1.0,18.0,0.0
65,Skyy Moore (KC),,,,,,,,,3,23,0,0,6,28.3,4.7,35.0%,wr,,,,11.0,21.0,145.0,13.2,1.0,54.0,5.0
66,Tyler Boyd (CIN),,,,,,,,,0,0,0,0,5,28.1,5.6,48.0%,wr,,,,23.0,34.0,166.0,7.2,0.0,14.0,0.0
67,Calvin Austin III (PIT),,,,,,,,,2,3,0,0,5,26.6,5.3,3.0%,wr,,,,12.0,22.0,143.0,11.9,1.0,72.0,4.0
68,KaVontae Turpin (DAL),,,,,,,,,6,66,1,0,5,26.2,5.2,0.0%,wr,,,,5.0,6.0,51.0,10.2,1.0,26.0,1.0
69,Joshua Palmer (LAC),,,,,,,,,0,0,0,1,4,25.5,6.4,56.0%,wr,,,,11.0,21.0,160.0,14.5,1.0,51.0,7.0
70,Michael Gallup (DAL),,,,,,,,,0,0,0,0,5,25.5,5.1,21.0%,wr,,,,15.0,22.0,180.0,12.0,0.0,29.0,3.0
71,Justin Watson (KC),,,,,,,,,0,0,0,1,6,24.9,4.2,1.0%,wr,,,,10.0,17.0,219.0,21.9,0.0,37.0,8.0
72,Zay Jones (JAC),,,,,,,,,0,0,0,0,3,23.8,7.9,31.0%,wr,,,,8.0,18.0,78.0,9.8,2.0,18.0,0.0
73,Kadarius Toney (KC),,,,,,,,,5,-2,0,0,6,23.5,3.9,28.0%,wr,,,,17.0,25.0,92.0,5.4,1.0,17.0,0.0
74,Darius Slayton (NYG),,,,,,,,,0,0,0,0,5,23.2,4.6,2.0%,wr,,,,13.0,24.0,167.0,12.8,0.0,29.0,2.0
75,Allen Robinson II (PIT),,,,,,,,,0,0,0,0,5,22.2,4.4,4.0%,wr,,,,17.0,26.0,137.0,8.1,0.0,31.0,2.0
76,Elijah Moore (CLE),,,,,,,,,7,3,0,1,4,21.6,5.4,54.0%,wr,,,,17.0,29.0,148.0,8.7,0.0,33.0,2.0
77,Darnell Mooney (CHI),,,,,,,,,0,0,0,0,5,20.4,4.1,20.0%,wr,,,,8.0,16.0,104.0,13.0,1.0,23.0,2.0
78,Isaiah Hodgins (NYG),,,,,,,,,0,0,0,1,5,19.7,3.9,2.0%,wr,,,,10.0,14.0,107.0,10.7,1.0,24.0,1.0
79,Christian Watson (GB),,,,,,,,,1,-5,0,0,2,19.6,9.8,91.0%,wr,,,,5.0,11.0,116.0,23.2,1.0,77.0,5.0
80,Terrace Marshall Jr. (CAR),,,,,,,,,0,0,0,0,4,19.4,4.9,1.0%,wr,,,,16.0,24.0,114.0,7.1,0.0,14.0,0.0
81,Trey Palmer (TB),,,,,,,,,0,0,0,0,4,19.2,4.8,1.0%,wr,,,,6.0,9.0,42.0,7.0,2.0,20.0,1.0
82,Dontayvion Wicks (GB),,,,,,,,,0,0,0,0,5,19.0,3.8,0.0%,wr,,,,7.0,14.0,95.0,13.6,1.0,32.0,2.0
83,DeVante Parker (NE),,,,,,,,,0,0,0,0,4,18.9,4.7,2.0%,wr,,,,12.0,19.0,129.0,10.8,0.0,22.0,1.0
84,Mack Hollins (ATL),,,,,,,,,0,0,0,0,5,18.8,3.8,0.0%,wr,,,,9.0,19.0,143.0,15.9,0.0,45.0,4.0
85,Deven Thompkins (TB),,,,,,,,,2,22,0,0,4,18.3,4.6,0.0%,wr,,,,8.0,11.0,61.0,7.6,1.0,26.0,1.0
86,Demario Douglas (NE),,,,,,,,,1,5,0,1,5,17.8,3.6,0.0%,wr,,,,10.0,17.0,143.0,14.3,0.0,42.0,5.0
87,Jonathan Mingo (CAR),,,,,,,,,0,0,0,0,4,17.7,4.4,8.0%,wr,,,,13.0,26.0,112.0,8.6,0.0,22.0,1.0
88,River Cracraft (MIA),,,,,,,,,0,0,0,0,3,17.7,5.9,0.0%,wr,,,,6.0,8.0,87.0,14.5,1.0,24.0,2.0
89,Parris Campbell (NYG),,,,,,,,,0,0,0,0,5,16.5,3.3,1.0%,wr,,,,16.0,23.0,85.0,5.3,0.0,17.0,0.0
90,Alec Pierce (IND),,,,,,,,,0,0,0,0,5,16.4,3.3,2.0%,wr,,,,8.0,16.0,124.0,15.5,0.0,38.0,4.0
91,Cooper Kupp (LAR),,,,,,,,,0,0,0,0,1,15.8,15.8,100.0%,wr,,,,8.0,12.0,118.0,14.8,0.0,39.0,2.0
92,Wan'Dale Robinson (NYG),,,,,,,,,2,8,0,0,3,15.7,5.2,18.0%,wr,,,,14.0,17.0,79.0,5.6,0.0,12.0,0.0
93,Deonte Harty (BUF),,,,,,,,,3,2,0,0,5,15.7,3.1,0.0%,wr,,,,11.0,14.0,100.0,9.1,0.0,43.0,3.0
94,JuJu Smith-Schuster (NE),,,,,,,,,0,0,0,0,5,15.6,3.1,30.0%,wr,,,,14.0,25.0,86.0,6.1,0.0,15.0,0.0
95,Chris Moore (TEN),,,,,,,,,0,0,0,0,5,15.4,3.1,0.0%,wr,,,,4.0,8.0,134.0,33.5,0.0,49.0,8.0
96,Van Jefferson (ATL),,,,,,,,,1,4,0,0,5,15.2,3.0,5.0%,wr,,,,8.0,15.0,108.0,13.5,0.0,46.0,3.0
97,Marquez Valdes-Scantling (KC),,,,,,,,,0,0,0,0,6,15.1,2.5,4.0%,wr,,,,7.0,12.0,116.0,16.6,0.0,37.0,4.0
98,Olamide Zaccheaus (PHI),,,,,,,,,0,0,0,0,5,14.4,2.9,0.0%,wr,,,,3.0,5.0,69.0,23.0,1.0,34.0,3.0
99,Treylon Burks (TEN),,,,,,,,,1,9,0,0,3,13.8,4.6,29.0%,wr,,,,6.0,13.0,99.0,16.5,0.0,70.0,4.0
100,Robbie Chosen (MIA),,,,,,,,,0,0,0,0,3,13.3,4.4,0.0%,wr,,,,1.0,2.0,68.0,68.0,1.0,68.0,4.0
101,Chase Claypool (MIA),,,,,,,,,0,0,0,0,3,13.1,4.4,10.0%,wr,,,,4.0,14.0,51.0,12.8,1.0,20.0,1.0
102,Jauan Jennings (SF),,,,,,,,,0,0,0,0,4,12.6,3.2,0.0%,wr,,,,5.0,8.0,101.0,20.2,0.0,31.0,4.0
103,Brandin Cooks (DAL),,,,,,,,,1,6,0,0,4,12.4,3.1,43.0%,wr,,,,9.0,19.0,73.0,8.1,0.0,16.0,0.0
104,Trenton Irwin (CIN),,,,,,,,,0,0,0,0,4,12.2,3.1,0.0%,wr,,,,9.0,11.0,77.0,8.6,0.0,17.0,0.0
105,Jaxon Smith-Njigba (SEA),,,,,,,,,0,0,0,0,4,12.2,3.1,49.0%,wr,,,,12.0,20.0,62.0,5.2,0.0,16.0,0.0
106,Jalin Hyatt (NYG),,,,,,,,,0,0,0,0,5,11.9,2.4,6.0%,wr,,,,4.0,5.0,99.0,24.8,0.0,58.0,6.0
107,Dyami Brown (WAS),,,,,,,,,0,0,0,0,5,11.7,2.3,0.0%,wr,,,,6.0,10.0,87.0,14.5,0.0,35.0,2.0
108,Odell Beckham Jr. (BAL),,,,,,,,,0,0,0,0,3,11.4,3.8,31.0%,wr,,,,7.0,11.0,79.0,11.3,0.0,29.0,1.0
109,Rashod Bateman (BAL),,,,,,,,,0,0,0,0,4,10.7,2.7,27.0%,wr,,,,8.0,12.0,67.0,8.4,0.0,18.0,0.0
110,Jalen Tolbert (DAL),,,,,,,,,0,0,0,0,5,10.6,2.1,0.0%,wr,,,,7.0,9.0,71.0,10.1,0.0,18.0,0.0
111,Lil'Jordan Humphrey (DEN),,,,,,,,,0,0,0,0,5,10.6,2.1,0.0%,wr,,,,4.0,5.0,26.0,6.5,1.0,11.0,0.0
112,Ronnie Bell (SF),,,,,,,,,0,0,0,0,5,10.6,2.1,1.0%,wr,,,,3.0,4.0,31.0,10.3,1.0,15.0,0.0
113,Derius Davis (LAC),,,,,,,,,4,61,0,0,4,10.5,2.6,0.0%,wr,,,,4.0,4.0,24.0,6.0,0.0,11.0,0.0
114,Donovan Peoples-Jones (CLE),,,,,,,,,0,0,0,0,4,10.5,2.6,5.0%,wr,,,,6.0,14.0,75.0,12.5,0.0,29.0,1.0
115,John Metchie III (HOU),,,,,,,,,0,0,0,0,4,10.2,2.6,1.0%,wr,,,,6.0,7.0,72.0,12.0,0.0,22.0,1.0
116,Khalil Shakir (BUF),,,,,,,,,0,0,0,0,5,10.2,2.0,1.0%,wr,,,,3.0,4.0,27.0,9.0,1.0,11.0,0.0
117,Laviska Shenault Jr. (CAR),,,,,,,,,11,53,0,0,5,10.1,2.0,0.0%,wr,,,,4.0,4.0,28.0,7.0,0.0,14.0,0.0
118,Samori Toure (GB),,,,,,,,,0,0,0,0,5,9.9,2.0,0.0%,wr,,,,4.0,9.0,59.0,14.8,0.0,35.0,2.0
119,Cedrick Wilson Jr. (MIA),,,,,,,,,0,0,0,0,3,9.3,3.1,0.0%,wr,,,,5.0,6.0,68.0,13.6,0.0,23.0,1.0
120,Hunter Renfrow (LV),,,,,,,,,0,0,0,0,5,8.9,1.8,2.0%,wr,,,,6.0,9.0,59.0,9.8,0.0,23.0,1.0
121,Jake Bobo (SEA),,,,,,,,,0,0,0,0,4,7.8,2.0,0.0%,wr,,,,2.0,4.0,8.0,4.0,1.0,5.0,0.0
122,Quentin Johnston (LAC),,,,,,,,,0,0,0,0,4,7.4,1.9,31.0%,wr,,,,6.0,11.0,44.0,7.3,0.0,18.0,0.0
123,Charlie Jones (CIN),,,,,,,,,0,0,0,0,3,7.1,2.4,0.0%,wr,,,,1.0,2.0,6.0,6.0,0.0,6.0,0.0
124,KhaDarel Hodge (ATL),,,,,,,,,1,0,0,0,5,6.5,1.3,0.0%,wr,,,,4.0,4.0,45.0,11.3,0.0,15.0,0.0
125,Trent Sherfield (BUF),,,,,,,,,0,0,0,0,5,6.4,1.3,0.0%,wr,,,,5.0,7.0,39.0,7.8,0.0,9.0,0.0
126,Diontae Johnson (PIT),,,,,,,,,0,0,0,0,1,6.3,6.3,71.0%,wr,,,,3.0,6.0,48.0,16.0,0.0,26.0,1.0
127,Xavier Gipson (NYJ),,,,,,,,,2,13,0,1,5,6.2,1.2,0.0%,wr,,,,1.0,1.0,4.0,4.0,0.0,4.0,0.0
128,Brandon Powell (MIN),,,,,,,,,1,9,0,1,5,6.2,1.2,2.0%,wr,,,,5.0,7.0,48.0,9.6,0.0,26.0,1.0
129,Jamal Agnew (JAC),,,,,,,,,3,-1,0,1,4,5.8,1.5,1.0%,wr,,,,5.0,6.0,54.0,10.8,0.0,14.0,0.0
130,Tyler Scott (CHI),,,,,,,,,2,19,0,0,5,5.4,1.1,0.0%,wr,,,,3.0,5.0,20.0,6.7,0.0,9.0,0.0
131,Tre Tucker (LV),,,,,,,,,2,50,0,0,4,5.0,1.3,0.0%,wr,,,,0.0,2.0,0.0,0.0,0.0,0.0,0.0
132,Justyn Ross (KC),,,,,,,,,0,0,0,0,5,4.9,1.0,1.0%,wr,,,,3.0,6.0,34.0,11.3,0.0,20.0,1.0
133,Byron Pringle (WAS),,,,,,,,,0,0,0,0,4,4.4,1.1,0.0%,wr,,,,3.0,5.0,29.0,9.7,0.0,15.0,0.0
134,David Bell (CLE),,,,,,,,,0,0,0,0,4,4.2,1.1,0.0%,wr,,,,3.0,4.0,27.0,9.0,0.0,14.0,0.0
135,Quez Watkins (PHI),,,,,,,,,0,0,0,0,3,4.1,1.4,0.0%,wr,,,,4.0,5.0,21.0,5.3,0.0,9.0,0.0
136,Zach Pascal (ARI),,,,,,,,,0,0,0,0,5,3.9,0.8,0.0%,wr,,,,4.0,7.0,19.0,4.8,0.0,9.0,0.0
137,Sterling Shepard (NYG),,,,,,,,,0,0,0,0,5,3.8,0.8,0.0%,wr,,,,3.0,5.0,23.0,7.7,0.0,13.0,0.0
138,Ray-Ray McCloud III (SF),,,,,,,,,0,0,0,0,5,3.8,0.8,1.0%,wr,,,,3.0,3.0,23.0,7.7,0.0,14.0,0.0
139,Randall Cobb (NYJ),,,,,,,,,0,0,0,0,5,3.5,0.7,0.0%,wr,,,,3.0,9.0,20.0,6.7,0.0,12.0,0.0
140,Isaiah McKenzie (IND),,,,,,,,,1,4,0,0,5,3.5,0.7,0.0%,wr,,,,3.0,5.0,16.0,5.3,0.0,7.0,0.0
141,DeAndre Carter (LV),,,,,,,,,2,3,0,0,5,3.4,0.7,0.0%,wr,,,,2.0,4.0,21.0,10.5,0.0,16.0,0.0
142,Ben Skowronek (LAR),,,,,,,,,1,11,0,0,5,3.4,0.7,0.0%,wr,,,,2.0,5.0,13.0,6.5,0.0,10.0,0.0
143,Noah Brown (HOU),,,,,,,,,1,-1,0,0,1,3.4,3.4,0.0%,wr,,,,3.0,4.0,20.0,6.7,0.0,7.0,0.0
144,Devin Duvernay (BAL),,,,,,,,,3,15,0,0,5,3.3,0.7,1.0%,wr,,,,2.0,7.0,8.0,4.0,0.0,10.0,0.0
145,Jamison Crowder (WAS),,,,,,,,,0,0,0,0,5,3.1,0.6,0.0%,wr,,,,2.0,2.0,21.0,10.5,0.0,11.0,0.0
146,Marvin Jones Jr. (DET),,,,,,,,,0,0,0,1,5,3.0,0.6,1.0%,wr,,,,4.0,9.0,30.0,7.5,0.0,16.0,0.0
147,Lawrence Cager (NYG),,,,,,,,,0,0,0,0,2,2.7,1.4,0.0%,wr,,,,2.0,2.0,17.0,8.5,0.0,9.0,0.0
148,Equanimeous St. Brown (CHI),,,,,,,,,0,0,0,0,2,2.6,1.3,0.0%,wr,,,,1.0,2.0,21.0,21.0,0.0,21.0,1.0
149,Tim Jones (JAC),,,,,,,,,0,0,0,0,5,2.5,0.5,0.0%,wr,,,,3.0,5.0,10.0,3.3,0.0,6.0,0.0
150,Erik Ezukanma (MIA),,,,,,,,,5,22,0,0,2,2.2,1.1,0.0%,wr,,,,0.0,1.0,0.0,0.0,0.0,0.0,0.0
151,Scott Miller (ATL),,,,,,,,,0,0,0,0,5,2.0,0.4,0.0%,wr,,,,2.0,2.0,10.0,5.0,0.0,7.0,0.0
152,Rakim Jarrett (TB),,,,,,,,,1,0,0,0,4,2.0,0.5,0.0%,wr,,,,2.0,2.0,10.0,5.0,0.0,7.0,0.0
153,Cody Thompson (SEA),,,,,,,,,0,0,0,0,4,1.5,0.4,0.0%,wr,,,,1.0,1.0,10.0,10.0,0.0,10.0,0.0
154,Andrei Iosivas (CIN),,,,,,,,,0,0,0,0,5,1.4,0.3,0.0%,wr,,,,1.0,2.0,9.0,9.0,0.0,9.0,0.0
155,Willie Snead IV (SF),,,,,,,,,0,0,0,0,1,1.4,1.4,0.0%,wr,,,,1.0,1.0,9.0,9.0,0.0,9.0,0.0
156,Xavier Hutchinson (HOU),,,,,,,,,0,0,0,0,4,1.4,0.4,0.0%,wr,,,,1.0,2.0,9.0,9.0,0.0,9.0,0.0
157,Jameson Williams (DET),,,,,,,,,0,0,0,0,1,1.2,1.2,50.0%,wr,,,,2.0,3.0,2.0,1.0,0.0,4.0,0.0
158,Mecole Hardman Jr. (NYJ),,,,,,,,,0,0,0,0,3,1.1,0.4,2.0%,wr,,,,1.0,1.0,6.0,6.0,0.0,6.0,0.0
159,Miles Boykin (PIT),,,,,,,,,0,0,0,0,5,1.0,0.2,0.0%,wr,,,,1.0,2.0,5.0,5.0,0.0,5.0,0.0
160,Cedric Tillman (CLE),,,,,,,,,0,0,0,0,4,1.0,0.3,0.0%,wr,,,,1.0,3.0,5.0,5.0,0.0,5.0,0.0
161,Velus Jones Jr. (CHI),,,,,,,,,2,7,0,0,4,0.7,0.2,0.0%,wr,,,,0.0,0.0,0.0,0.0,0.0,0.0,0.0
162,Antoine Green (DET),,,,,,,,,0,0,0,0,4,0.7,0.2,0.0%,wr,,,,1.0,1.0,2.0,2.0,0.0,2.0,0.0
163,Kwamie Lassiter II (CIN),,,,,,,,,0,0,0,0,1,0.7,0.7,0.0%,wr,,,,1.0,1.0,2.0,2.0,0.0,2.0,0.0
164,Marquise Goodwin (CLE),,,,,,,,,1,1,0,0,4,0.6,0.2,0.0%,wr,,,,1.0,5.0,0.0,0.0,0.0,0.0,0.0
165,Keith Kirkwood (NO),,,,,,,,,0,0,0,0,5,0.6,0.1,0.0%,wr,,,,1.0,4.0,1.0,1.0,0.0,1.0,0.0
166,Seth Williams (JAC),,,,,,,,,0,0,0,0,0,0.0,0.0,0.0%,wr,,,,0.0,0.0,0.0,0.0,0.0,0.0,0.0
167,Amari Rodgers (IND),,,,,,,,,0,0,0,0,2,0.0,0.0,0.0%,wr,,,,0.0,0.0,0.0,0.0,0.0,0.0,0.0
168,Shi Smith (TEN),,,,,,,,,0,0,0,0,0,0.0,0.0,0.0%,wr,,,,0.0,0.0,0.0,0.0,0.0,0.0,0.0
169,Ihmir Smith-Marsette (CAR),,,,,,,,,0,0,0,0,5,0.0,0.0,0.0%,wr,,,,0.0,0.0,0.0,0.0,0.0,0.0,0.0
170,Jaylon Moore (JAC),,,,,,,,,0,0,0,0,0,0.0,0.0,0.0%,wr,,,,0.0,0.0,0.0,0.0,0.0,0.0,0.0
171,David Sills V (DEN),,,,,,,,,0,0,0,0,0,0.0,0.0,0.0%,wr,,,,0.0,0.0,0.0,0.0,0.0,0.0,0.0
172,Ashton Dulin (IND),,,,,,,,,0,0,0,0,0,0.0,0.0,0.0%,wr,,,,0.0,0.0,0.0,0.0,0.0,0.0,0.0
173,Tyler Johnson (LAR),,,,,,,,,0,0,0,0,0,0.0,0.0,0.0%,wr,,,,0.0,0.0,0.0,0.0,0.0,0.0,0.0
174,Stanley Morgan Jr. (CIN),,,,,,,,,0,0,0,0,0,0.0,0.0,0.0%,wr,,,,0.0,0.0,0.0,0.0,0.0,0.0,0.0
175,Greg Dortch (ARI),,,,,,,,,0,0,0,0,5,0.0,0.0,0.0%,wr,,,,0.0,0.0,0.0,0.0,0.0,0.0,0.0
176,Keelan Doss (LAC),,,,,,,,,0,0,0,0,1,0.0,0.0,0.0%,wr,,,,0.0,0.0,0.0,0.0,0.0,0.0,0.0
177,Juwann Winfree (FA),,,,,,,,,0,0,0,0,1,0.0,0.0,0.0%,wr,,,,0.0,0.0,0.0,0.0,0.0,0.0,0.0
178,Andy Isabella (BUF),,,,,,,,,0,0,0,0,1,0.0,0.0,0.0%,wr,,,,0.0,0.0,0.0,0.0,0.0,0.0,0.0
179,Malik Taylor (NYJ),,,,,,,,,0,0,0,0,0,0.0,0.0,0.0%,wr,,,,0.0,0.0,0.0,0.0,0.0,0.0,0.0
180,Tyron Johnson (DAL),,,,,,,,,0,0,0,0,0,0.0,0.0,0.0%,wr,,,,0.0,0.0,0.0,0.0,0.0,0.0,0.0
181,Jeff Smith (ARI),,,,,,,,,0,0,0,0,0,0.0,0.0,0.0%,wr,,,,0.0,0.0,0.0,0.0,0.0,0.0,0.0
182,Nsimba Webster (CHI),,,,,,,,,0,0,0,0,0,0.0,0.0,0.0%,wr,,,,0.0,0.0,0.0,0.0,0.0,0.0,0.0
183,Collin Johnson (CHI),,,,,,,,,0,0,0,0,0,0.0,0.0,0.0%,wr,,,,0.0,0.0,0.0,0.0,0.0,0.0,0.0
184,N'Keal Harry (MIN),,,,,,,,,0,0,0,0,1,0.0,0.0,0.0%,wr,,,,0.0,0.0,0.0,0.0,0.0,0.0,0.0
185,Dez Fitzpatrick (PIT),,,,,,,,,0,0,0,0,0,0.0,0.0,0.0%,wr,,,,0.0,0.0,0.0,0.0,0.0,0.0,0.0
186,Kristian Wilkerson (LV),,,,,,,,,0,0,0,0,2,0.0,0.0,0.0%,wr,,,,0.0,0.0,0.0,0.0,0.0,0.0,0.0
187,Tylan Wallace (BAL),,,,,,,,,0,0,0,0,1,0.0,0.0,0.0%,wr,,,,0.0,0.0,0.0,0.0,0.0,0.0,0.0
188,Kirk Merritt (FA),,,,,,,,,0,0,0,0,1,0.0,0.0,0.0%,wr,,,,0.0,0.0,0.0,0.0,0.0,0.0,0.0
189,Freddie Swain (MIA),,,,,,,,,0,0,0,0,0,0.0,0.0,0.0%,wr,,,,0.0,0.0,0.0,0.0,0.0,0.0,0.0
190,Mason Kinsey (TEN),,,,,,,,,0,0,0,0,2,0.0,0.0,0.0%,wr,,,,0.0,0.0,0.0,0.0,0.0,0.0,0.0
191,Dan Chisena (MIN),,,,,,,,,0,0,0,0,0,0.0,0.0,0.0%,wr,,,,0.0,0.0,0.0,0.0,0.0,0.0,0.0
192,Andre Baccellia (ARI),,,,,,,,,0,0,0,0,0,0.0,0.0,0.0%,wr,,,,0.0,0.0,0.0,0.0,0.0,0.0,0.0
193,D.J. Montgomery (IND),,,,,,,,,0,0,0,0,0,0.0,0.0,0.0%,wr,,,,0.0,0.0,0.0,0.0,0.0,0.0,0.0
194,Steven Sims Jr. (HOU),,,,,,,,,0,0,0,0,0,0.0,0.0,0.0%,wr,,,,0.0,0.0,0.0,0.0,0.0,0.0,0.0
195,Jalen Guyton (LAC),,,,,,,,,0,0,0,0,0,0.0,0.0,0.0%,wr,,,,0.0,0.0,0.0,0.0,0.0,0.0,0.0
196,Trishton Jackson (MIN),,,,,,,,,0,0,0,0,1,0.0,0.0,0.0%,wr,,,,0.0,0.0,0.0,0.0,0.0,0.0,0.0
197,Lynn Bowden Jr. (NO),,,,,,,,,0,0,0,0,3,0.0,0.0,0.0%,wr,,,,0.0,1.0,0.0,0.0,0.0,0.0,0.0
198,Tarik Black (BAL),,,,,,,,,0,0,0,0,0,0.0,0.0,0.0%,wr,,,,0.0,0.0,0.0,0.0,0.0,0.0,0.0
199,Easop Winston Jr. (SEA),,,,,,,,,0,0,0,0,0,0.0,0.0,0.0%,wr,,,,0.0,0.0,0.0,0.0,0.0,0.0,0.0
200,Quintez Cephus (DET),,,,,,,,,0,0,0,0,0,0.0,0.0,0.0%,wr,,,,0.0,0.0,0.0,0.0,0.0,0.0,0.0
201,Denzel Mims (PIT),,,,,,,,,0,0,0,0,0,0.0,0.0,0.0%,wr,,,,0.0,0.0,0.0,0.0,0.0,0.0,0.0
202,KJ Hamler (IND),,,,,,,,,0,0,0,0,0,0.0,0.0,0.0%,wr,,,,0.0,0.0,0.0,0.0,0.0,0.0,0.0
203,Jalen Reagor (NE),,,,,,,,,0,0,0,0,0,0.0,0.0,0.0%,wr,,,,0.0,0.0,0.0,0.0,0.0,0.0,0.0
204,Irvin Charles (NYJ),,,,,,,,,0,0,0,0,1,0.0,0.0,0.0%,wr,,,,0.0,0.0,0.0,0.0,0.0,0.0,0.0
205,Kendric Pryor (CIN),,,,,,,,,0,0,0,0,0,0.0,0.0,0.0%,wr,,,,0.0,0.0,0.0,0.0,0.0,0.0,0.0
206,Rodney Williams (PIT),,,,,,,,,0,0,0,0,1,0.0,0.0,0.0%,wr,,,,0.0,0.0,0.0,0.0,0.0,0.0,0.0
207,Kaden Davis (ARI),,,,,,,,,0,0,0,0,0,0.0,0.0,0.0%,wr,,,,0.0,0.0,0.0,0.0,0.0,0.0,0.0
208,Raleigh Webb (MIA),,,,,,,,,0,0,0,0,0,0.0,0.0,0.0%,wr,,,,0.0,0.0,0.0,0.0,0.0,0.0,0.0
209,Bryce Ford-Wheaton (NYG),,,,,,,,,0,0,0,0,0,0.0,0.0,0.0%,wr,,,,0.0,0.0,0.0,0.0,0.0,0.0,0.0
210,Josh Ali (ATL),,,,,,,,,0,0,0,0,0,0.0,0.0,0.0%,wr,,,,0.0,0.0,0.0,0.0,0.0,0.0,0.0
211,Daylen Baldwin (CLE),,,,,,,,,0,0,0,0,0,0.0,0.0,0.0%,wr,,,,0.0,0.0,0.0,0.0,0.0,0.0,0.0
212,Maurice Alexander (DET),,,,,,,,,0,0,0,0,0,0.0,0.0,0.0%,wr,,,,0.0,0.0,0.0,0.0,0.0,0.0,0.0
213,Jesse Matthews (HOU),,,,,,,,,0,0,0,0,0,0.0,0.0,0.0%,wr,,,,0.0,0.0,0.0,0.0,0.0,0.0,0.0
214,Mitchell Tinsley (WAS),,,,,,,,,0,0,0,0,1,0.0,0.0,0.0%,wr,,,,0.0,0.0,0.0,0.0,0.0,0.0,0.0
215,A.T. Perry (NO),,,,,,,,,0,0,0,0,0,0.0,0.0,0.0%,wr,,,,0.0,0.0,0.0,0.0,0.0,0.0,0.0
216,Britain Covey (PHI),,,,,,,,,0,0,0,0,5,0.0,0.0,0.0%,wr,,,,0.0,0.0,0.0,0.0,0.0,0.0,0.0
217,Johnny Johnson III (HOU),,,,,,,,,0,0,0,0,0,0.0,0.0,0.0%,wr,,,,0.0,0.0,0.0,0.0,0.0,0.0,0.0
218,Braylon Sanders (MIA),,,,,,,,,0,0,0,0,0,0.0,0.0,0.0%,wr,,,,0.0,0.0,0.0,0.0,0.0,0.0,0.0
219,Jontre Kirklin (NO),,,,,,,,,0,0,0,0,0,0.0,0.0,0.0%,wr,,,,0.0,0.0,0.0,0.0,0.0,0.0,0.0
220,Derek Wright (CAR),,,,,,,,,0,0,0,0,0,0.0,0.0,0.0%,wr,,,,0.0,0.0,0.0,0.0,0.0,0.0,0.0
221,Dareke Young (SEA),,,,,,,,,0,0,0,0,0,0.0,0.0,0.0%,wr,,,,0.0,0.0,0.0,0.0,0.0,0.0,0.0
222,Devon Allen (PHI),,,,,,,,,0,0,0,0,1,0.0,0.0,0.0%,wr,,,,0.0,0.0,0.0,0.0,0.0,0.0,0.0
223,Montrell Washington (KC),,,,,,,,,0,0,0,0,4,0.0,0.0,1.0%,wr,,,,0.0,0.0,0.0,0.0,0.0,0.0,0.0
224,Jalen Cropper (DAL),,,,,,,,,0,0,0,0,0,0.0,0.0,0.0%,wr,,,,0.0,0.0,0.0,0.0,0.0,0.0,0.0
225,Lucky Jackson (MIN),,,,,,,,,0,0,0,0,0,0.0,0.0,0.0%,wr,,,,0.0,0.0,0.0,0.0,0.0,0.0,0.0
226,John Stephens Jr. (DAL),,,,,,,,,0,0,0,0,0,0.0,0.0,0.0%,wr,,,,0.0,0.0,0.0,0.0,0.0,0.0,0.0
227,David Durden (DAL),,,,,,,,,0,0,0,0,0,0.0,0.0,0.0%,wr,,,,0.0,0.0,0.0,0.0,0.0,0.0,0.0
228,Bryan Thompson (BUF),,,,,,,,,0,0,0,0,0,0.0,0.0,0.0%,wr,,,,0.0,0.0,0.0,0.0,0.0,0.0,0.0
229,Dylan Drummond (DET),,,,,,,,,0,0,0,0,1,0.0,0.0,0.0%,wr,,,,0.0,0.0,0.0,0.0,0.0,0.0,0.0
230,Tre'Shaun Harrison (TEN),,,,,,,,,0,0,0,0,0,0.0,0.0,0.0%,wr,,,,0.0,0.0,0.0,0.0,0.0,0.0,0.0
231,Ryan Miller (TB),,,,,,,,,0,0,0,0,0,0.0,0.0,0.0%,wr,,,,0.0,0.0,0.0,0.0,0.0,0.0,0.0
232,Sean Ryan (BAL),,,,,,,,,0,0,0,0,0,0.0,0.0,0.0%,wr,,,,0.0,0.0,0.0,0.0,0.0,0.0,0.0
233,Tyrell Shavers (BUF),,,,,,,,,0,0,0,0,0,0.0,0.0,0.0%,wr,,,,0.0,0.0,0.0,0.0,0.0,0.0,0.0
234,Kazmeir Allen (WAS),,,,,,,,,0,0,0,0,0,0.0,0.0,0.0%,wr,,,,0.0,0.0,0.0,0.0,0.0,0.0,0.0
235,Terrell Bynum (LAC),,,,,,,,,0,0,0,0,0,0.0,0.0,0.0%,wr,,,,0.0,0.0,0.0,0.0,0.0,0.0,0.0
236,Shaquan Davis (NO),,,,,,,,,0,0,0,0,0,0.0,0.0,0.0%,wr,,,,0.0,0.0,0.0,0.0,0.0,0.0,0.0
237,Cephus Johnson III (TB),,,,,,,,,0,0,0,0,2,0.0,0.0,0.0%,wr,,,,0.0,0.0,0.0,0.0,0.0,0.0,0.0
238,Malik Knowles (MIN),,,,,,,,,0,0,0,0,0,0.0,0.0,0.0%,wr,,,,0.0,0.0,0.0,0.0,0.0,0.0,0.0
239,Thayer Thomas (MIN),,,,,,,,,0,0,0,0,0,0.0,0.0,0.0%,wr,,,,0.0,0.0,0.0,0.0,0.0,0.0,0.0
240,Jared Wayne (HOU),,,,,,,,,0,0,0,0,0,0.0,0.0,0.0%,wr,,,,0.0,0.0,0.0,0.0,0.0,0.0,0.0
241,Grant DuBose (GB),,,,,,,,,0,0,0,0,0,0.0,0.0,0.0%,wr,,,,0.0,0.0,0.0,0.0,0.0,0.0,0.0
242,Jalen Brooks (DAL),,,,,,,,,0,0,0,0,1,0.0,0.0,0.0%,wr,,,,0.0,0.0,0.0,0.0,0.0,0.0,0.0
243,Colton Dowell (TEN),,,,,,,,,0,0,0,0,1,0.0,0.0,0.0%,wr,,,,0.0,1.0,0.0,0.0,0.0,0.0,0.0
244,Matt Landers (CAR),,,,,,,,,0,0,0,0,0,0.0,0.0,0.0%,wr,,,,0.0,0.0,0.0,0.0,0.0,0.0,0.0
245,Elijah Cooks (JAC),,,,,,,,,0,0,0,0,0,0.0,0.0,0.0%,wr,,,,0.0,0.0,0.0,0.0,0.0,0.0,0.0
246,Shedrick Jackson (CIN),,,,,,,,,0,0,0,0,0,0.0,0.0,0.0%,wr,,,,0.0,0.0,0.0,0.0,0.0,0.0,0.0
247,Chase Cota (KC),,,,,,,,,0,0,0,0,0,0.0,0.0,0.0%,wr,,,,0.0,0.0,0.0,0.0,0.0,0.0,0.0
248,T.J. Luther (NE),,,,,,,,,0,0,0,0,0,0.0,0.0,0.0%,wr,,,,0.0,0.0,0.0,0.0,0.0,0.0,0.0
249,Jason Brownlee (NYJ),,,,,,,,,0,0,0,0,0,0.0,0.0,0.0%,wr,,,,0.0,0.0,0.0,0.0,0.0,0.0,0.0
250,Keilahn Harris (ATL),,,,,,,,,0,0,0,0,0,0.0,0.0,0.0%,wr,,,,0.0,0.0,0.0,0.0,0.0,0.0,0.0
251,Xavier Smith (LAR),,,,,,,,,0,0,0,0,0,0.0,0.0,0.0%,wr,,,,0.0,0.0,0.0,0.0,0.0,0.0,0.0
252,Brycen Tremayne (WAS),,,,,,,,,0,0,0,0,0,0.0,0.0,0.0%,wr,,,,0.0,0.0,0.0,0.0,0.0,0.0,0.0
253,Isaiah Winstead (SF),,,,,,,,,0,0,0,0,1,0.0,0.0,0.0%,wr,,,,0.0,0.0,0.0,0.0,0.0,0.0,0.0
254,Daniel Arias (KC),,,,,,,,,0,0,0,0,0,0.0,0.0,0.0%,wr,,,,0.0,0.0,0.0,0.0,0.0,0.0,0.0
255,Malik Flowers (LV),,,,,,,,,0,0,0,0,0,0.0,0.0,0.0%,wr,,,,0.0,0.0,0.0,0.0,0.0,0.0,0.0
256,Duece Watts (PIT),,,,,,,,,0,0,0,0,0,0.0,0.0,0.0%,wr,,,,0.0,0.0,0.0,0.0,0.0,0.0,0.0
257,Malik Heath (GB),,,,,,,,,0,0,0,0,3,0.0,0.0,0.0%,wr,,,,0.0,4.0,0.0,0.0,0.0,0.0,0.0
258,Tyjon Lindsey (SEA),,,,,,,,,0,0,0,0,0,0.0,0.0,0.0%,wr,,,,0.0,0.0,0.0,0.0,0.0,0.0,0.0
259,Frank Darby (ATL),,,,,,,,,0,0,0,0,0,0.0,0.0,0.0%,wr,,,,0.0,0.0,0.0,0.0,0.0,0.0,0.0
260,Cornell Powell (KC),,,,,,,,,0,0,0,0,0,0.0,0.0,0.0%,wr,,,,0.0,0.0,0.0,0.0,0.0,0.0,0.0
261,Cade Johnson (SEA),,,,,,,,,0,0,0,0,0,0.0,0.0,0.0%,wr,,,,0.0,0.0,0.0,0.0,0.0,0.0,0.0
262,Dax Milne (WAS),,,,,,,,,0,0,0,0,0,0.0,0.0,0.0%,wr,,,,0.0,0.0,0.0,0.0,0.0,0.0,0.0
263,Austin Watkins Jr. (CLE),,,,,,,,,0,0,0,0,0,0.0,0.0,0.0%,wr,,,,0.0,0.0,0.0,0.0,0.0,0.0,0.0
264,Jaelon Darden (CLE),,,,,,,,,0,0,0,0,0,0.0,0.0,0.0%,wr,,,,0.0,0.0,0.0,0.0,0.0,0.0,0.0
265,Dee Eskridge (SEA),,,,,,,,,0,0,0,0,0,0.0,0.0,0.0%,wr,,,,0.0,0.0,0.0,0.0,0.0,0.0,0.0
266,Chris Blair (ATL),,,,,,,,,0,0,0,0,0,0.0,0.0,0.0%,wr,,,,0.0,0.0,0.0,0.0,0.0,0.0,0.0
267,Kayshon Boutte (NE),,,,,,,,,0,0,0,0,1,0.0,0.0,0.0%,wr,,,,0.0,4.0,0.0,0.0,0.0,0.0,0.0
268,Kearis Jackson (TEN),,,,,,,,,0,0,0,0,2,0.0,0.0,0.0%,wr,,,,0.0,0.0,0.0,0.0,0.0,0.0,0.0
269,Tyquan Thornton (NE),,,,,,,,,0,0,0,0,0,0.0,0.0,1.0%,wr,,,,0.0,0.0,0.0,0.0,0.0,0.0,0.0
270,Jacob Copeland (PIT),,,,,,,,,0,0,0,0,0,0.0,0.0,0.0%,wr,,,,0.0,0.0,0.0,0.0,0.0,0.0,0.0
271,Joseph Ngata (PHI),,,,,,,,,0,0,0,0,0,0.0,0.0,0.0%,wr,,,,0.0,0.0,0.0,0.0,0.0,0.0,0.0
272,Michael Woods II (CLE),,,,,,,,,0,0,0,0,0,0.0,0.0,0.0%,wr,,,,0.0,0.0,0.0,0.0,0.0,0.0,0.0
273,Kyle Philips (TEN),,,,,,,,,0,0,0,0,1,0.0,0.0,0.0%,wr,,,,0.0,1.0,0.0,0.0,0.0,0.0,0.0
274,Jalen Virgil (DEN),,,,,,,,,0,0,0,0,0,0.0,0.0,0.0%,wr,,,,0.0,0.0,0.0,0.0,0.0,0.0,0.0
275,Stanley Berryhill III (DET),,,,,,,,,0,0,0,0,0,0.0,0.0,0.0%,wr,,,,0.0,0.0,0.0,0.0,0.0,0.0,0.0
276,Danny Gray (SF),,,,,,,,,0,0,0,0,0,0.0,0.0,0.0%,wr,,,,0.0,0.0,0.0,0.0,0.0,0.0,0.0
277,Jalen Nailor (MIN),,,,,,,,,0,0,0,0,2,0.0,0.0,0.0%,wr,,,,0.0,0.0,0.0,0.0,0.0,0.0,0.0
278,Bo Melton (GB),,,,,,,,,0,0,0,0,0,0.0,0.0,0.0%,wr,,,,0.0,0.0,0.0,0.0,0.0,0.0,0.0
279,Tay Martin (SF),,,,,,,,,0,0,0,0,0,0.0,0.0,0.0%,wr,,,,0.0,0.0,0.0,0.0,0.0,0.0,0.0
280,Justin Shorter (BUF),,,,,,,,,0,0,0,0,0,0.0,0.0,0.0%,wr,,,,0.0,0.0,0.0,0.0,0.0,0.0,0.0
281,Parker Washington (JAC),,,,,,,,,0,0,0,0,1,0.0,0.0,0.0%,wr,,,,0.0,0.0,0.0,0.0,0.0,0.0,0.0
282,Mike Strachan (CAR),,,,,,,,,0,0,0,0,0,0.0,0.0,0.0%,wr,,,,0.0,0.0,0.0,0.0,0.0,0.0,0.0
283,Austin Trammell (LAR),,,,,,,,,0,0,0,0,3,0.0,0.0,0.0%,wr,,,,0.0,0.0,0.0,0.0,0.0,0.0,0.0
284,Tre Nixon (NE),,,,,,,,,0,0,0,0,0,0.0,0.0,0.0%,wr,,,,0.0,0.0,0.0,0.0,0.0,0.0,0.0
285,Racey McMath (IND),,,,,,,,,0,0,0,0,0,0.0,0.0,0.0%,wr,,,,0.0,0.0,0.0,0.0,0.0,0.0,0.0
286,Jacob Harris (JAC),,,,,,,,,0,0,0,0,2,0.0,0.0,0.0%,wr,,,,0.0,0.0,0.0,0.0,0.0,0.0,0.0
287,Simi Fehoko (LAC),,,,,,,,,0,0,0,0,1,0.0,0.0,0.0%,wr,,,,0.0,0.0,0.0,0.0,0.0,0.0,0.0
288,Cole Beasley (NYG),,,,,,,,,0,0,0,0,0,0.0,0.0,0.0%,wr,,,,0.0,0.0,0.0,0.0,0.0,0.0,0.0
289,Eron Riley (NYJ),,,,,,,,,0,0,0,0,0,0.0,0.0,,wr,,,,0.0,0.0,0.0,0.0,0.0,0.0,0.0
290,Demario Ballard (DET),,,,,,,,,0,0,0,0,0,0.0,0.0,,wr,,,,0.0,0.0,0.0,0.0,0.0,0.0,0.0
291,Patrick Edwards (DET),,,,,,,,,0,0,0,0,0,0.0,0.0,,wr,,,,0.0,0.0,0.0,0.0,0.0,0.0,0.0
292,Mike Furrey (WAS),,,,,,,,,0,0,0,0,0,0.0,0.0,,wr,,,,0.0,0.0,0.0,0.0,0.0,0.0,0.0
293,Maurice Purify (CIN),,,,,,,,,0,0,0,0,0,0.0,0.0,,wr,,,,0.0,0.0,0.0,0.0,0.0,0.0,0.0
294,Matthew Slater (NE),,,,,,,,,0,0,0,0,2,0.0,0.0,0.0%,wr,,,,0.0,0.0,0.0,0.0,0.0,0.0,0.0
295,Marko Mitchell (MIN),,,,,,,,,0,0,0,0,0,0.0,0.0,,wr,,,,0.0,0.0,0.0,0.0,0.0,0.0,0.0
296,Kenny McKinley (DEN),,,,,,,,,0,0,0,0,0,0.0,0.0,,wr,,,,0.0,0.0,0.0,0.0,0.0,0.0,0.0
297,Lance Long (SF),,,,,,,,,0,0,0,0,0,0.0,0.0,,wr,,,,0.0,0.0,0.0,0.0,0.0,0.0,0.0
298,Bobby Wade (WAS),,,,,,,,,0,0,0,0,0,0.0,0.0,,wr,,,,0.0,0.0,0.0,0.0,0.0,0.0,0.0
299,Chris Henry (CIN),,,,,,,,,0,0,0,0,0,0.0,0.0,,wr,,,,0.0,0.0,0.0,0.0,0.0,0.0,0.0
300,Onrea Jones (CHI),,,,,,,,,0,0,0,0,0,0.0,0.0,,wr,,,,0.0,0.0,0.0,0.0,0.0,0.0,0.0
301,Taj Smith (IND),,,,,,,,,0,0,0,0,0,0.0,0.0,,wr,,,,0.0,0.0,0.0,0.0,0.0,0.0,0.0
302,Sam Giguere (NYG),,,,,,,,,0,0,0,0,0,0.0,0.0,,wr,,,,0.0,0.0,0.0,0.0,0.0,0.0,0.0
303,Rod Harper (PHI),,,,,,,,,0,0,0,0,0,0.0,0.0,,wr,,,,0.0,0.0,0.0,0.0,0.0,0.0,0.0
304,Nate Hughes (JAC),,,,,,,,,0,0,0,0,0,0.0,0.0,,wr,,,,0.0,0.0,0.0,0.0,0.0,0.0,0.0
305,Trent Taylor (CHI),,,,,,,,,0,0,0,0,4,0.0,0.0,0.0%,wr,,,,0.0,0.0,0.0,0.0,0.0,0.0,0.0
306,Tim Patrick (DEN),,,,,,,,,0,0,0,0,0,0.0,0.0,0.0%,wr,,,,0.0,0.0,0.0,0.0,0.0,0.0,0.0
307,Justin Hardee (NYJ),,,,,,,,,0,0,0,0,2,0.0,0.0,0.0%,wr,,,,0.0,0.0,0.0,0.0,0.0,0.0,0.0
308,Keelan Cole Sr. (LV),,,,,,,,,0,0,0,0,0,0.0,0.0,0.0%,wr,,,,0.0,0.0,0.0,0.0,0.0,0.0,0.0
309,David Moore (TB),,,,,,,,,0,0,0,0,0,0.0,0.0,0.0%,wr,,,,0.0,0.0,0.0,0.0,0.0,0.0,0.0
310,Russell Gage (TB),,,,,,,,,0,0,0,0,0,0.0,0.0,0.0%,wr,,,,0.0,0.0,0.0,0.0,0.0,0.0,0.0
311,Daurice Fountain (DET),,,,,,,,,0,0,0,0,0,0.0,0.0,0.0%,wr,,,,0.0,0.0,0.0,0.0,0.0,0.0,0.0
312,Tre'Quan Smith (DEN),,,,,,,,,0,0,0,0,1,0.0,0.0,0.0%,wr,,,,0.0,0.0,0.0,0.0,0.0,0.0,0.0
313,Anthony Miller (IND),,,,,,,,,0,0,0,0,0,0.0,0.0,0.0%,wr,,,,0.0,0.0,0.0,0.0,0.0,0.0,0.0
314,Greg Ward (PHI),,,,,,,,,0,0,0,0,0,0.0,0.0,0.0%,wr,,,,0.0,0.0,0.0,0.0,0.0,0.0,0.0
315,Ty Montgomery II (NE),,,,,,,,,2,7,0,0,5,0.0,0.0,0.0%,wr,,,,3.0,8.0,14.0,4.7,0.0,11.0,0.0
316,Chris Conley (SF),,,,,,,,,0,0,0,0,1,0.0,0.0,0.0%,wr,,,,0.0,0.0,0.0,0.0,0.0,0.0,0.0
317,Phillip Dorsett II (DEN),,,,,,,,,0,0,0,0,1,0.0,0.0,0.0%,wr,,,,0.0,1.0,0.0,0.0,0.0,0.0,0.0
318,Jakeem Grant Sr. (CLE),,,,,,,,,0,0,0,0,0,0.0,0.0,0.0%,wr,,,,0.0,0.0,0.0,0.0,0.0,0.0,0.0
319,Demarcus Robinson (LAR),,,,,,,,,0,0,0,0,4,0.0,0.0,0.0%,wr,,,,0.0,0.0,0.0,0.0,0.0,0.0,0.0
320,Laquon Treadwell (BAL),,,,,,,,,0,0,0,0,2,0.0,0.0,0.0%,wr,,,,0.0,0.0,0.0,0.0,0.0,0.0,0.0
321,Alex Erickson (LAC),,,,,,,,,0,0,0,0,0,0.0,0.0,0.0%,wr,,,,0.0,0.0,0.0,0.0,0.0,0.0,0.0
322,Richie James Jr. (KC),,,,,,,,,0,0,0,1,2,-0.9,-0.5,0.0%,wr,,,,1.0,3.0,6.0,6.0,0.0,6.0,0.0
323,Gunner Olszewski (PIT),,,,,,,,,0,0,0,2,2,-3.5,-1.8,0.0%,wr,,,,1.0,1.0,0.0,0.0,0.0,0.0,0.0
1,Travis Kelce (KC),,,,,,,,,0,0,0,0,5,70.6,14.1,100.0%,te,,,,36.0,46.0,346.0,9.6,3.0,40.0,4.0
2,Sam LaPorta (DET),,,,,,,,,0,0,0,0,5,59.4,11.9,95.0%,te,,,,25.0,31.0,289.0,11.6,3.0,45.0,8.0
3,Cole Kmet (CHI),,,,,,,,,2,1,0,0,5,52.7,10.5,79.0%,te,,,,23.0,29.0,231.0,10.0,3.0,23.0,3.0
4,Mark Andrews (BAL),,,,,,,,,0,0,0,0,4,50.5,12.6,100.0%,te,,,,20.0,28.0,225.0,11.3,3.0,36.0,4.0
5,T.J. Hockenson (MIN),,,,,,,,,0,0,0,1,5,50.4,10.1,100.0%,te,,,,30.0,39.0,254.0,8.5,2.0,24.0,2.0
6,George Kittle (SF),,,,,,,,,0,0,0,0,5,48.0,9.6,99.0%,te,,,,17.0,23.0,215.0,12.6,3.0,38.0,3.0
7,Evan Engram (JAC),,,,,,,,,0,0,0,0,5,40.5,8.1,96.0%,te,,,,29.0,37.0,260.0,9.0,0.0,28.0,2.0
8,Hunter Henry (NE),,,,,,,,,0,0,0,0,5,38.1,7.6,49.0%,te,,,,17.0,25.0,176.0,10.4,2.0,21.0,1.0
9,Logan Thomas (WAS),,,,,,,,,1,2,0,1,4,37.5,9.4,54.0%,te,,,,18.0,25.0,183.0,10.2,2.0,27.0,2.0
10,Dallas Goedert (PHI),,,,,,,,,0,0,0,0,5,37.0,7.4,97.0%,te,,,,21.0,28.0,205.0,9.8,1.0,49.0,3.0
11,Dalton Schultz (HOU),,,,,,,,,0,0,0,0,5,35.9,7.2,49.0%,te,,,,17.0,27.0,154.0,9.1,2.0,29.0,1.0
12,Darren Waller (NYG),,,,,,,,,0,0,0,0,5,35.4,7.1,95.0%,te,,,,23.0,34.0,239.0,10.4,0.0,25.0,3.0
13,Jake Ferguson (DAL),,,,,,,,,0,0,0,0,5,33.5,6.7,71.0%,te,,,,20.0,28.0,175.0,8.8,1.0,21.0,2.0
14,Jonnu Smith (ATL),,,,,,,,,0,0,0,1,5,33.1,6.6,17.0%,te,,,,21.0,27.0,246.0,11.7,0.0,33.0,3.0
15,Zach Ertz (ARI),,,,,,,,,0,0,0,0,5,31.6,6.3,52.0%,te,,,,22.0,34.0,146.0,6.6,1.0,17.0,0.0
16,Tyler Higbee (LAR),,,,,,,,,0,0,0,0,5,30.6,6.1,70.0%,te,,,,18.0,29.0,216.0,12.0,0.0,33.0,5.0
17,Kyle Pitts (ATL),,,,,,,,,1,-4,0,0,5,29.4,5.9,92.0%,te,,,,18.0,32.0,208.0,11.6,0.0,34.0,3.0
18,Tyler Conklin (NYJ),,,,,,,,,0,0,0,0,5,28.8,5.8,9.0%,te,,,,17.0,23.0,203.0,11.9,0.0,37.0,3.0
19,Noah Gray (KC),,,,,,,,,1,1,0,0,6,26.8,4.5,2.0%,te,,,,12.0,17.0,147.0,12.3,1.0,34.0,3.0
20,Luke Musgrave (GB),,,,,,,,,0,0,0,0,5,24.9,5.0,19.0%,te,,,,18.0,23.0,159.0,8.8,0.0,37.0,2.0
21,Donald Parham Jr. (LAC),,,,,,,,,0,0,0,0,4,24.3,6.1,3.0%,te,,,,6.0,8.0,33.0,5.5,3.0,16.0,0.0
22,Kylen Granson (IND),,,,,,,,,0,0,0,0,5,22.8,4.6,1.0%,te,,,,13.0,22.0,103.0,7.9,1.0,17.0,0.0
23,Hayden Hurst (CAR),,,,,,,,,0,0,0,0,5,22.5,4.5,11.0%,te,,,,13.0,19.0,100.0,7.7,1.0,14.0,0.0
24,Pat Freiermuth (PIT),,,,,,,,,0,0,0,0,4,21.3,5.3,55.0%,te,,,,8.0,13.0,53.0,6.6,2.0,14.0,0.0
25,Noah Fant (SEA),,,,,,,,,0,0,0,0,4,21.0,5.3,3.0%,te,,,,10.0,11.0,160.0,16.0,0.0,51.0,6.0
26,Cade Otton (TB),,,,,,,,,0,0,0,0,4,20.9,5.2,2.0%,te,,,,12.0,15.0,89.0,7.4,1.0,16.0,0.0
27,Dalton Kincaid (BUF),,,,,,,,,0,0,0,0,5,20.3,4.1,54.0%,te,,,,17.0,19.0,118.0,6.9,0.0,14.0,0.0
28,David Njoku (CLE),,,,,,,,,0,0,0,1,4,19.8,5.0,56.0%,te,,,,16.0,18.0,138.0,8.6,0.0,29.0,1.0
29,Dawson Knox (BUF),,,,,,,,,0,0,0,0,5,19.0,3.8,16.0%,te,,,,11.0,19.0,75.0,6.8,1.0,15.0,0.0
30,Andrew Ogletree (IND),,,,,,,,,0,0,0,0,4,19.0,4.8,0.0%,te,,,,7.0,10.0,95.0,13.6,1.0,22.0,3.0
31,Chigoziem Okonkwo (TEN),,,,,,,,,0,0,0,0,5,17.9,3.6,34.0%,te,,,,15.0,22.0,104.0,6.9,0.0,20.0,1.0
32,Durham Smythe (MIA),,,,,,,,,0,0,0,0,5,17.8,3.6,1.0%,te,,,,11.0,15.0,123.0,11.2,0.0,22.0,1.0
33,Mike Gesicki (NE),,,,,,,,,0,0,0,0,5,17.6,3.5,3.0%,te,,,,12.0,17.0,116.0,9.7,0.0,18.0,0.0
34,Gerald Everett (LAC),,,,,,,,,1,2,0,0,4,17.4,4.4,24.0%,te,,,,13.0,14.0,107.0,8.2,0.0,29.0,1.0
35,Adam Trautman (DEN),,,,,,,,,0,0,0,0,6,17.4,2.9,1.0%,te,,,,10.0,16.0,64.0,6.4,1.0,15.0,0.0
36,Taysom Hill (NO),,,,,,,,,23,120,0,0,5,16.4,3.3,7.0%,te,,,,4.0,6.0,16.0,4.0,0.0,9.0,0.0
37,Josh Oliver (MIN),,,,,,,,,0,0,0,1,5,14.4,2.9,0.0%,te,,,,8.0,10.0,64.0,8.0,1.0,18.0,0.0
38,Mo Alie-Cox (IND),,,,,,,,,0,0,0,0,5,14.2,2.8,0.0%,te,,,,3.0,5.0,67.0,22.3,1.0,35.0,2.0
39,Pharaoh Brown (NE),,,,,,,,,0,0,0,0,5,14.1,2.8,0.0%,te,,,,2.0,2.0,71.0,35.5,1.0,58.0,4.0
40,John Bates (WAS),,,,,,,,,0,0,0,0,5,12.3,2.5,0.0%,te,,,,8.0,10.0,83.0,10.4,0.0,35.0,2.0
41,Cole Turner (WAS),,,,,,,,,0,0,0,0,5,12.2,2.4,0.0%,te,,,,8.0,12.0,82.0,10.3,0.0,21.0,1.0
42,Brevin Jordan (HOU),,,,,,,,,0,0,0,0,4,12.0,3.0,0.0%,te,,,,4.0,4.0,40.0,10.0,1.0,16.0,0.0
43,Trey McBride (ARI),,,,,,,,,0,0,0,0,5,11.9,2.4,1.0%,te,,,,8.0,10.0,79.0,9.9,0.0,23.0,1.0
44,Colby Parkinson (SEA),,,,,,,,,0,0,0,0,4,11.7,2.9,0.0%,te,,,,6.0,10.0,87.0,14.5,0.0,21.0,2.0
45,Josh Whyle (TEN),,,,,,,,,0,0,0,0,5,10.8,2.2,0.0%,te,,,,3.0,3.0,33.0,11.0,1.0,24.0,1.0
46,C.J. Uzomah (NYJ),,,,,,,,,0,0,0,0,5,10.2,2.0,0.0%,te,,,,4.0,4.0,22.0,5.5,1.0,9.0,0.0
47,Foster Moreau (NO),,,,,,,,,0,0,0,0,3,10.1,3.4,0.0%,te,,,,3.0,3.0,26.0,8.7,1.0,14.0,0.0
48,Juwan Johnson (NO),,,,,,,,,0,0,0,0,3,9.6,3.2,14.0%,te,,,,7.0,12.0,61.0,8.7,0.0,27.0,1.0
49,Josiah Deguara (GB),,,,,,,,,0,0,0,0,5,9.3,1.9,0.0%,te,,,,7.0,7.0,58.0,8.3,0.0,19.0,0.0
50,Austin Hooper (LV),,,,,,,,,0,0,0,0,5,9.2,1.8,0.0%,te,,,,6.0,7.0,62.0,10.3,0.0,20.0,1.0
51,Harrison Bryant (CLE),,,,,,,,,3,6,0,0,4,8.8,2.2,0.0%,te,,,,3.0,5.0,7.0,2.3,1.0,3.0,0.0
52,Tommy Tremble (CAR),,,,,,,,,0,0,0,0,5,8.6,1.7,0.0%,te,,,,2.0,2.0,16.0,8.0,1.0,15.0,0.0
53,Blake Bell (KC),,,,,,,,,0,0,0,0,5,8.2,1.6,0.0%,te,,,,2.0,3.0,12.0,6.0,1.0,8.0,0.0
54,Will Dissly (SEA),,,,,,,,,0,0,0,0,3,7.7,2.6,0.0%,te,,,,5.0,5.0,52.0,10.4,0.0,16.0,0.0
55,Michael Mayer (LV),,,,,,,,,0,0,0,0,5,7.6,1.5,5.0%,te,,,,3.0,5.0,41.0,13.7,0.0,20.0,1.0
56,Jimmy Graham (NO),,,,,,,,,0,0,0,0,5,7.3,1.5,0.0%,te,,,,1.0,2.0,8.0,8.0,1.0,8.0,0.0
57,Tanner Hudson (CIN),,,,,,,,,0,0,0,0,2,6.8,3.4,0.0%,te,,,,4.0,6.0,48.0,12.0,0.0,26.0,1.0
58,Connor Heyward (PIT),,,,,,,,,1,0,0,0,5,6.7,1.3,0.0%,te,,,,5.0,10.0,42.0,8.4,0.0,12.0,0.0
59,Luke Schoonmaker (DAL),,,,,,,,,0,0,0,0,5,6.6,1.3,0.0%,te,,,,1.0,6.0,1.0,1.0,1.0,1.0,0.0
60,Andrew Beck (HOU),,,,,,,,,2,2,0,0,5,6.2,1.2,0.0%,te,,,,0.0,1.0,0.0,0.0,0.0,0.0,0.0
61,Will Mallory (IND),,,,,,,,,0,0,0,0,1,5.9,5.9,0.0%,te,,,,2.0,2.0,49.0,24.5,0.0,43.0,3.0
62,Brock Wright (DET),,,,,,,,,0,0,0,0,5,5.8,1.2,0.0%,te,,,,5.0,5.0,33.0,6.6,0.0,9.0,0.0
63,Irv Smith Jr. (CIN),,,,,,,,,0,0,0,0,3,5.2,1.7,5.0%,te,,,,5.0,9.0,27.0,5.4,0.0,8.0,0.0
64,Luke Farrell (JAC),,,,,,,,,0,0,0,0,5,5.0,1.0,0.0%,te,,,,4.0,4.0,30.0,7.5,0.0,16.0,0.0
65,Robert Tonyan (CHI),,,,,,,,,0,0,0,0,5,4.8,1.0,0.0%,te,,,,4.0,6.0,28.0,7.0,0.0,9.0,0.0
66,Isaiah Likely (BAL),,,,,,,,,0,0,0,0,5,4.7,0.9,2.0%,te,,,,3.0,4.0,32.0,10.7,0.0,20.0,1.0
67,Ian Thomas (CAR),,,,,,,,,0,0,0,0,5,4.6,0.9,0.0%,te,,,,2.0,4.0,36.0,18.0,0.0,28.0,1.0
68,Jeremy Ruckert (NYJ),,,,,,,,,0,0,0,0,5,4.3,0.9,0.0%,te,,,,3.0,3.0,28.0,9.3,0.0,23.0,1.0
69,Teagan Quitoriano (HOU),,,,,,,,,0,0,0,0,5,4.3,0.9,0.0%,te,,,,2.0,3.0,33.0,16.5,0.0,22.0,1.0
70,Daniel Bellinger (NYG),,,,,,,,,0,0,0,0,5,4.2,0.8,0.0%,te,,,,4.0,4.0,22.0,5.5,0.0,8.0,0.0
71,MyCole Pruitt (ATL),,,,,,,,,0,0,0,0,5,4.2,0.8,0.0%,te,,,,2.0,3.0,32.0,16.0,0.0,22.0,1.0
72,Greg Dulcich (DEN),,,,,,,,,0,0,0,0,2,4.0,2.0,13.0%,te,,,,3.0,4.0,25.0,8.3,0.0,13.0,0.0
73,Brycen Hopkins (LAR),,,,,,,,,0,0,0,0,5,3.6,0.7,0.0%,te,,,,2.0,3.0,26.0,13.0,0.0,21.0,1.0
74,Jordan Akins (CLE),,,,,,,,,0,0,0,0,4,3.5,0.9,0.0%,te,,,,3.0,4.0,20.0,6.7,0.0,12.0,0.0
75,Nate Adkins (DEN),,,,,,,,,0,0,0,0,4,3.4,0.9,0.0%,te,,,,3.0,4.0,19.0,6.3,0.0,11.0,0.0
76,Mitchell Wilcox (CIN),,,,,,,,,0,0,0,0,5,3.2,0.6,0.0%,te,,,,3.0,4.0,17.0,5.7,0.0,7.0,0.0
77,Geoff Swaim (ARI),,,,,,,,,0,0,0,0,5,3.2,0.6,0.0%,te,,,,2.0,3.0,22.0,11.0,0.0,11.0,0.0
78,Stone Smartt (LAC),,,,,,,,,0,0,0,0,4,2.9,0.7,0.0%,te,,,,1.0,2.0,24.0,24.0,0.0,24.0,1.0
79,Trevon Wesco (TEN),,,,,,,,,0,0,0,0,5,2.6,0.5,0.0%,te,,,,1.0,2.0,21.0,21.0,0.0,21.0,1.0
80,Jack Stoll (PHI),,,,,,,,,0,0,0,0,5,2.0,0.4,0.0%,te,,,,2.0,3.0,10.0,5.0,0.0,6.0,0.0
81,Ben Sims (GB),,,,,,,,,0,0,0,0,5,1.7,0.3,0.0%,te,,,,1.0,1.0,12.0,12.0,0.0,12.0,0.0
82,Brenton Strange (JAC),,,,,,,,,0,0,0,0,5,1.7,0.3,0.0%,te,,,,2.0,3.0,7.0,3.5,0.0,4.0,0.0
83,Johnny Mundt (MIN),,,,,,,,,0,0,0,0,5,1.6,0.3,0.0%,te,,,,1.0,1.0,11.0,11.0,0.0,11.0,0.0
84,Drew Sample (CIN),,,,,,,,,0,0,0,0,5,1.6,0.3,0.0%,te,,,,2.0,2.0,6.0,3.0,0.0,7.0,0.0
85,Tucker Kraft (GB),,,,,,,,,0,0,0,0,5,1.5,0.3,0.0%,te,,,,2.0,2.0,5.0,2.5,0.0,6.0,0.0
86,Darnell Washington (PIT),,,,,,,,,0,0,0,0,5,1.5,0.3,1.0%,te,,,,1.0,3.0,10.0,10.0,0.0,10.0,0.0
87,Chris Manhertz (DEN),,,,,,,,,0,0,0,0,6,1.5,0.3,0.0%,te,,,,1.0,3.0,10.0,10.0,0.0,10.0,0.0
88,Marcedes Lewis (CHI),,,,,,,,,0,0,0,0,5,1.3,0.3,0.0%,te,,,,1.0,1.0,8.0,8.0,0.0,8.0,0.0
89,Peyton Hendershot (DAL),,,,,,,,,1,0,0,0,3,0.8,0.3,0.0%,te,,,,1.0,2.0,3.0,3.0,0.0,3.0,0.0
90,Giovanni Ricci (CAR),,,,,,,,,0,0,0,0,3,0.7,0.2,0.0%,te,,,,1.0,1.0,2.0,2.0,0.0,2.0,0.0
91,Ross Dwelley (SF),,,,,,,,,0,0,0,0,5,0.0,0.0,0.0%,te,,,,0.0,0.0,0.0,0.0,0.0,0.0,0.0
92,Matt Sokol (NE),,,,,,,,,0,0,0,0,0,0.0,0.0,0.0%,te,,,,0.0,0.0,0.0,0.0,0.0,0.0,0.0
93,Devin Asiasi (CLE),,,,,,,,,0,0,0,0,0,0.0,0.0,0.0%,te,,,,0.0,0.0,0.0,0.0,0.0,0.0,0.0
94,Stephen Carlson (CHI),,,,,,,,,0,0,0,0,0,0.0,0.0,0.0%,te,,,,0.0,0.0,0.0,0.0,0.0,0.0,0.0
95,Zach Gentry (CIN),,,,,,,,,0,0,0,0,0,0.0,0.0,0.0%,te,,,,0.0,0.0,0.0,0.0,0.0,0.0,0.0
96,Dalton Keene (HOU),,,,,,,,,0,0,0,0,1,0.0,0.0,0.0%,te,,,,0.0,0.0,0.0,0.0,0.0,0.0,0.0
97,Stephen Sullivan (CAR),,,,,,,,,0,0,0,0,0,0.0,0.0,0.0%,te,,,,0.0,0.0,0.0,0.0,0.0,0.0,0.0
98,Jody Fortson (KC),,,,,,,,,0,0,0,0,0,0.0,0.0,0.0%,te,,,,0.0,0.0,0.0,0.0,0.0,0.0,0.0
99,Matthew Orzech (GB),,,,,,,,,0,0,0,0,0,0.0,0.0,0.0%,te,,,,0.0,0.0,0.0,0.0,0.0,0.0,0.0
100,Mitchell Fraboni (DEN),,,,,,,,,0,0,0,0,2,0.0,0.0,0.0%,te,,,,0.0,0.0,0.0,0.0,0.0,0.0,0.0
101,Parker Hesse (ATL),,,,,,,,,0,0,0,0,1,0.0,0.0,0.0%,te,,,,0.0,0.0,0.0,0.0,0.0,0.0,0.0
102,Chris Myarick (NYG),,,,,,,,,0,0,0,0,0,0.0,0.0,0.0%,te,,,,0.0,0.0,0.0,0.0,0.0,0.0,0.0
103,Charlie Woerner (SF),,,,,,,,,0,0,0,0,5,0.0,0.0,0.0%,te,,,,0.0,0.0,0.0,0.0,0.0,0.0,0.0
104,Jesper Horsted (LV),,,,,,,,,0,0,0,0,1,0.0,0.0,0.0%,te,,,,0.0,0.0,0.0,0.0,0.0,0.0,0.0
105,Nick Bowers (MIA),,,,,,,,,0,0,0,0,0,0.0,0.0,0.0%,te,,,,0.0,0.0,0.0,0.0,0.0,0.0,0.0
106,Feleipe Franks (ATL),,,,,,,,,0,0,0,0,0,0.0,0.0,0.0%,te,,,,0.0,0.0,0.0,0.0,0.0,0.0,0.0
107,Tommy Sweeney (NYG),,,,,,,,,0,0,0,0,0,0.0,0.0,0.0%,te,,,,0.0,0.0,0.0,0.0,0.0,0.0,0.0
108,Kaden Smith (WAS),,,,,,,,,0,0,0,0,0,0.0,0.0,0.0%,te,,,,0.0,0.0,0.0,0.0,0.0,0.0,0.0
109,Albert Okwuegbunam (PHI),,,,,,,,,0,0,0,0,0,0.0,0.0,0.0%,te,,,,0.0,0.0,0.0,0.0,0.0,0.0,0.0
110,Noah Togiai (LV),,,,,,,,,0,0,0,0,0,0.0,0.0,0.0%,te,,,,0.0,0.0,0.0,0.0,0.0,0.0,0.0
111,Lawrence Cager (NYG),,,,,,,,,0,0,0,0,2,0.0,0.0,0.0%,te,,,,2.0,2.0,17.0,8.5,0.0,9.0,0.0
112,Tyler Mabry (SEA),,,,,,,,,0,0,0,0,0,0.0,0.0,0.0%,te,,,,0.0,0.0,0.0,0.0,0.0,0.0,0.0
113,Sean McKeon (DAL),,,,,,,,,0,0,0,0,2,0.0,0.0,0.0%,te,,,,0.0,0.0,0.0,0.0,0.0,0.0,0.0
114,Tyler Davis (GB),,,,,,,,,0,0,0,0,0,0.0,0.0,0.0%,te,,,,0.0,0.0,0.0,0.0,0.0,0.0,0.0
115,Tyree Jackson (NYG),,,,,,,,,0,0,0,0,0,0.0,0.0,0.0%,te,,,,0.0,0.0,0.0,0.0,0.0,0.0,0.0
116,Reggie Gilliam (BUF),,,,,,,,,0,0,0,0,5,0.0,0.0,0.0%,te,,,,1.0,1.0,3.0,3.0,0.0,3.0,0.0
117,Rashod Berry (IND),,,,,,,,,0,0,0,0,0,0.0,0.0,0.0%,te,,,,0.0,0.0,0.0,0.0,0.0,0.0,0.0
118,Tommy Hudson (NO),,,,,,,,,0,0,0,0,0,0.0,0.0,0.0%,te,,,,0.0,0.0,0.0,0.0,0.0,0.0,0.0
119,Jake Tonges (SF),,,,,,,,,0,0,0,0,0,0.0,0.0,0.0%,te,,,,0.0,0.0,0.0,0.0,0.0,0.0,0.0
120,Curtis Hodges (WAS),,,,,,,,,0,0,0,0,0,0.0,0.0,0.0%,te,,,,0.0,0.0,0.0,0.0,0.0,0.0,0.0
121,Leroy Watson IV (SF),,,,,,,,,0,0,0,0,0,0.0,0.0,0.0%,te,,,,0.0,0.0,0.0,0.0,0.0,0.0,0.0
122,Rodney Williams (PIT),,,,,,,,,0,0,0,0,1,0.0,0.0,0.0%,te,,,,0.0,0.0,0.0,0.0,0.0,0.0,0.0
123,Zaire Mitchell-Paden (CLE),,,,,,,,,0,0,0,0,0,0.0,0.0,0.0%,te,,,,0.0,0.0,0.0,0.0,0.0,0.0,0.0
124,Cole Fotheringham (LV),,,,,,,,,0,0,0,0,0,0.0,0.0,0.0%,te,,,,0.0,0.0,0.0,0.0,0.0,0.0,0.0
125,Tucker Fisk (ATL),,,,,,,,,0,0,0,0,0,0.0,0.0,0.0%,te,,,,0.0,0.0,0.0,0.0,0.0,0.0,0.0
126,Ko Kieft (TB),,,,,,,,,0,0,0,0,4,0.0,0.0,0.0%,te,,,,0.0,3.0,0.0,0.0,0.0,0.0,0.0
127,Nikola Kalinic (LAR),,,,,,,,,0,0,0,0,0,0.0,0.0,0.0%,te,,,,0.0,0.0,0.0,0.0,0.0,0.0,0.0
128,Grant Calcaterra (PHI),,,,,,,,,0,0,0,0,5,0.0,0.0,0.0%,te,,,,0.0,0.0,0.0,0.0,0.0,0.0,0.0
129,John FitzPatrick (ATL),,,,,,,,,0,0,0,0,4,0.0,0.0,0.0%,te,,,,0.0,0.0,0.0,0.0,0.0,0.0,0.0
130,Tanner Conner (MIA),,,,,,,,,0,0,0,0,0,0.0,0.0,0.0%,te,,,,0.0,0.0,0.0,0.0,0.0,0.0,0.0
131,Gerrit Prince (KC),,,,,,,,,0,0,0,0,0,0.0,0.0,0.0%,te,,,,0.0,0.0,0.0,0.0,0.0,0.0,0.0
132,Nick Muse (MIN),,,,,,,,,0,0,0,0,0,0.0,0.0,0.0%,te,,,,0.0,0.0,0.0,0.0,0.0,0.0,0.0
133,Lucas Krull (DEN),,,,,,,,,0,0,0,0,0,0.0,0.0,0.0%,te,,,,0.0,0.0,0.0,0.0,0.0,0.0,0.0
134,Armani Rogers (WAS),,,,,,,,,0,0,0,0,0,0.0,0.0,0.0%,te,,,,0.0,0.0,0.0,0.0,0.0,0.0,0.0
135,Cameron Latu (SF),,,,,,,,,0,0,0,0,0,0.0,0.0,0.0%,te,,,,0.0,0.0,0.0,0.0,0.0,0.0,0.0
136,Noah Gindorff (PIT),,,,,,,,,0,0,0,0,0,0.0,0.0,0.0%,te,,,,0.0,0.0,0.0,0.0,0.0,0.0,0.0
137,Travis Vokolek (BAL),,,,,,,,,0,0,0,0,0,0.0,0.0,0.0%,te,,,,0.0,0.0,0.0,0.0,0.0,0.0,0.0
138,Julian Hill (MIA),,,,,,,,,0,0,0,0,3,0.0,0.0,0.0%,te,,,,0.0,1.0,0.0,0.0,0.0,0.0,0.0
139,Ryan Miller (TB),,,,,,,,,0,0,0,0,0,0.0,0.0,0.0%,te,,,,0.0,0.0,0.0,0.0,0.0,0.0,0.0
140,Tanner Taula (TB),,,,,,,,,0,0,0,0,0,0.0,0.0,0.0%,te,,,,0.0,0.0,0.0,0.0,0.0,0.0,0.0
141,Jordan Murray (IND),,,,,,,,,0,0,0,0,0,0.0,0.0,0.0%,te,,,,0.0,0.0,0.0,0.0,0.0,0.0,0.0
142,Princeton Fant (DAL),,,,,,,,,0,0,0,0,0,0.0,0.0,0.0%,te,,,,0.0,0.0,0.0,0.0,0.0,0.0,0.0
143,Brady Russell (SEA),,,,,,,,,0,0,0,0,1,0.0,0.0,0.0%,te,,,,0.0,0.0,0.0,0.0,0.0,0.0,0.0
144,Thomas Odukoya (TEN),,,,,,,,,0,0,0,0,0,0.0,0.0,0.0%,te,,,,0.0,0.0,0.0,0.0,0.0,0.0,0.0
145,Payne Durham (TB),,,,,,,,,0,0,0,0,0,0.0,0.0,0.0%,te,,,,0.0,0.0,0.0,0.0,0.0,0.0,0.0
146,Zack Kuntz (NYJ),,,,,,,,,0,0,0,0,0,0.0,0.0,0.0%,te,,,,0.0,0.0,0.0,0.0,0.0,0.0,0.0
147,Ryan Jones (NYG),,,,,,,,,0,0,0,0,0,0.0,0.0,0.0%,te,,,,0.0,0.0,0.0,0.0,0.0,0.0,0.0
148,Brayden Willis (SF),,,,,,,,,0,0,0,0,2,0.0,0.0,0.0%,te,,,,0.0,0.0,0.0,0.0,0.0,0.0,0.0
149,Derek Parish (JAC),,,,,,,,,0,0,0,0,1,0.0,0.0,0.0%,te,,,,0.0,0.0,0.0,0.0,0.0,0.0,0.0
150,Joel Wilson (BUF),,,,,,,,,0,0,0,0,0,0.0,0.0,0.0%,te,,,,0.0,0.0,0.0,0.0,0.0,0.0,0.0
151,Blake Whiteheart (ARI),,,,,,,,,0,0,0,0,0,0.0,0.0,0.0%,te,,,,0.0,0.0,0.0,0.0,0.0,0.0,0.0
152,Henry Pearson (GB),,,,,,,,,0,0,0,0,0,0.0,0.0,0.0%,te,,,,0.0,0.0,0.0,0.0,0.0,0.0,0.0
153,Jelani Woods (IND),,,,,,,,,0,0,0,0,0,0.0,0.0,1.0%,te,,,,0.0,0.0,0.0,0.0,0.0,0.0,0.0
154,Charlie Kolar (BAL),,,,,,,,,0,0,0,0,2,0.0,0.0,0.0%,te,,,,0.0,1.0,0.0,0.0,0.0,0.0,0.0
155,Hunter Long (LAR),,,,,,,,,0,0,0,0,0,0.0,0.0,0.0%,te,,,,0.0,0.0,0.0,0.0,0.0,0.0,0.0
156,Tre' McKitty (LAC),,,,,,,,,0,0,0,0,4,0.0,0.0,0.0%,te,,,,0.0,0.0,0.0,0.0,0.0,0.0,0.0
157,Kenny Yeboah (NYJ),,,,,,,,,0,0,0,0,0,0.0,0.0,0.0%,te,,,,0.0,0.0,0.0,0.0,0.0,0.0,0.0
158,Quintin Morris (BUF),,,,,,,,,0,0,0,0,5,0.0,0.0,0.0%,te,,,,0.0,0.0,0.0,0.0,0.0,0.0,0.0
159,Miller Forristall (LAR),,,,,,,,,0,0,0,0,0,0.0,0.0,0.0%,te,,,,0.0,0.0,0.0,0.0,0.0,0.0,0.0
160,Matt Bushman (KC),,,,,,,,,0,0,0,0,1,0.0,0.0,0.0%,te,,,,0.0,0.0,0.0,0.0,0.0,0.0,0.0
161,Shane Zylstra (DET),,,,,,,,,0,0,0,0,0,0.0,0.0,0.0%,te,,,,0.0,0.0,0.0,0.0,0.0,0.0,0.0
162,Hunter Kampmoyer (LAC),,,,,,,,,0,0,0,0,0,0.0,0.0,0.0%,te,,,,0.0,0.0,0.0,0.0,0.0,0.0,0.0
163,Zach Davidson (BUF),,,,,,,,,0,0,0,0,0,0.0,0.0,0.0%,te,,,,0.0,0.0,0.0,0.0,0.0,0.0,0.0
164,Bernhard Seikovits (ARI),,,,,,,,,0,0,0,0,0,0.0,0.0,0.0%,te,,,,0.0,0.0,0.0,0.0,0.0,0.0,0.0
165,Michael Jacobson (NO),,,,,,,,,0,0,0,0,0,0.0,0.0,0.0%,te,,,,0.0,0.0,0.0,0.0,0.0,0.0,0.0
166,Davis Allen (LAR),,,,,,,,,0,0,0,0,3,0.0,0.0,0.0%,te,,,,0.0,0.0,0.0,0.0,0.0,0.0,0.0
167,Josh Pederson (JAC),,,,,,,,,0,0,0,0,0,0.0,0.0,0.0%,te,,,,0.0,0.0,0.0,0.0,0.0,0.0,0.0
168,Jacob Harris (JAC),,,,,,,,,0,0,0,0,2,0.0,0.0,0.0%,te,,,,0.0,0.0,0.0,0.0,0.0,0.0,0.0
169,Elijah Higgins (ARI),,,,,,,,,0,0,0,0,0,0.0,0.0,0.0%,te,,,,0.0,0.0,0.0,0.0,0.0,0.0,0.0
170,James Mitchell (DET),,,,,,,,,0,0,0,0,4,0.0,0.0,0.0%,te,,,,0.0,0.0,0.0,0.0,0.0,0.0,0.0
171,Dominique Curry (DET),,,,,,,,,0,0,0,0,0,0.0,0.0,,te,,,,0.0,0.0,0.0,0.0,0.0,0.0,0.0
172,Drake Dunsmore (TB),,,,,,,,,0,0,0,0,0,0.0,0.0,,te,,,,0.0,0.0,0.0,0.0,0.0,0.0,0.0
173,James Dearth (NYJ),,,,,,,,,0,0,0,0,0,0.0,0.0,,te,,,,0.0,0.0,0.0,0.0,0.0,0.0,0.0
174,Darnell Dinkins (NO),,,,,,,,,0,0,0,0,0,0.0,0.0,,te,,,,0.0,0.0,0.0,0.0,0.0,0.0,0.0
175,Derek Fine (HOU),,,,,,,,,0,0,0,0,0,0.0,0.0,,te,,,,0.0,0.0,0.0,0.0,0.0,0.0,0.0
176,J.P. Foschi (CIN),,,,,,,,,0,0,0,0,0,0.0,0.0,,te,,,,0.0,0.0,0.0,0.0,0.0,0.0,0.0
177,Brad Cottam (KC),,,,,,,,,0,0,0,0,0,0.0,0.0,,te,,,,0.0,0.0,0.0,0.0,0.0,0.0,0.0
178,Marquez Branson (ATL),,,,,,,,,0,0,0,0,0,0.0,0.0,,te,,,,0.0,0.0,0.0,0.0,0.0,0.0,0.0
179,Joey Haynos (MIA),,,,,,,,,0,0,0,0,0,0.0,0.0,,te,,,,0.0,0.0,0.0,0.0,0.0,0.0,0.0
180,Justin Snow (IND),,,,,,,,,0,0,0,0,0,0.0,0.0,,te,,,,0.0,0.0,0.0,0.0,0.0,0.0,0.0
181,Keith Zinger (ATL),,,,,,,,,0,0,0,0,0,0.0,0.0,,te,,,,0.0,0.0,0.0,0.0,0.0,0.0,0.0
182,Kevin Rader (TEN),,,,,,,,,0,0,0,0,2,0.0,0.0,0.0%,te,,,,0.0,0.0,0.0,0.0,0.0,0.0,0.0
183,Zach Wood (NO),,,,,,,,,0,0,0,0,2,0.0,0.0,0.0%,te,,,,0.0,0.0,0.0,0.0,0.0,0.0,0.0
184,J.P. Holtz (NO),,,,,,,,,0,0,0,0,0,0.0,0.0,0.0%,te,,,,0.0,0.0,0.0,0.0,0.0,0.0,0.0
185,Darrell Daniels (DET),,,,,,,,,0,0,0,0,2,0.0,0.0,0.0%,te,,,,0.0,0.0,0.0,0.0,0.0,0.0,0.0
186,Troy Fumagalli (MIN),,,,,,,,,0,0,0,0,0,0.0,0.0,0.0%,te,,,,0.0,0.0,0.0,0.0,0.0,0.0,0.0
187,Jordan Thomas (CAR),,,,,,,,,0,0,0,0,0,0.0,0.0,0.0%,te,,,,0.0,0.0,0.0,0.0,0.0,0.0,0.0
188,David Wells (TB),,,,,,,,,0,0,0,0,4,0.0,0.0,0.0%,te,,,,2.0,2.0,-10.0,-5.0,0.0,1.0,0.0
189,Anthony Firkser (DET),,,,,,,,,0,0,0,0,0,0.0,0.0,0.0%,te,,,,0.0,0.0,0.0,0.0,0.0,0.0,0.0
190,Nick Vannett (LAC),,,,,,,,,0,0,0,0,0,0.0,0.0,0.0%,te,,,,0.0,0.0,0.0,0.0,0.0,0.0,0.0
191,Eric Tomlinson (BAL),,,,,,,,,0,0,0,0,0,0.0,0.0,0.0%,te,,,,0.0,0.0,0.0,0.0,0.0,0.0,0.0
192,James Winchester (KC),,,,,,,,,0,0,0,0,1,0.0,0.0,0.0%,te,,,,0.0,0.0,0.0,0.0,0.0,0.0,0.0
193,Tyler Ott (BAL),,,,,,,,,0,0,0,0,1,0.0,0.0,0.0%,te,,,,0.0,0.0,0.0,0.0,0.0,0.0,0.0
194,Patrick Scales (CHI),,,,,,,,,0,0,0,0,0,0.0,0.0,0.0%,te,,,,0.0,0.0,0.0,0.0,0.0,0.0,0.0
195,Andrew DePaola (MIN),,,,,,,,,0,0,0,0,1,0.0,0.0,0.0%,te,,,,0.0,0.0,0.0,0.0,0.0,0.0,0.0
196,Tyler Kroft (MIA),,,,,,,,,0,0,0,0,2,0.0,0.0,0.0%,te,,,,0.0,0.0,0.0,0.0,0.0,0.0,0.0
